id,area_code,area_name,area_full_name,parent_id,level,postal_code,status_code
1,1,北京市,北京市,NULL,1,100000,active
2,2,市辖区,北京市/市辖区,1,2,100000,active
3,3,东城区,北京市/市辖区/东城区,2,3,100010,active
4,4,西城区,北京市/市辖区/西城区,2,3,100032,active
5,5,朝阳区,北京市/市辖区/朝阳区,2,3,100020,active
6,6,丰台区,北京市/市辖区/丰台区,2,3,100071,active
7,7,石景山区,北京市/市辖区/石景山区,2,3,100043,active
8,8,海淀区,北京市/市辖区/海淀区,2,3,100089,active
9,9,门头沟区,北京市/市辖区/门头沟区,2,3,102300,active
10,10,房山区,北京市/市辖区/房山区,2,3,102400,active
11,11,通州区,北京市/市辖区/通州区,2,3,101100,active
12,12,顺义区,北京市/市辖区/顺义区,2,3,101300,active
13,13,昌平区,北京市/市辖区/昌平区,2,3,102200,active
14,14,大兴区,北京市/市辖区/大兴区,2,3,102600,active
15,15,怀柔区,北京市/市辖区/怀柔区,2,3,101400,active
16,16,平谷区,北京市/市辖区/平谷区,2,3,101200,active
17,17,密云区,北京市/市辖区/密云区,2,3,101500,active
18,18,延庆区,北京市/市辖区/延庆区,2,3,102100,active
19,19,天津市,天津市,NULL,1,300000,active
20,20,市辖区,天津市/市辖区,19,2,300000,active
21,21,和平区,天津市/市辖区/和平区,20,3,300041,active
22,22,河东区,天津市/市辖区/河东区,20,3,300171,active
23,23,河西区,天津市/市辖区/河西区,20,3,300202,active
24,24,南开区,天津市/市辖区/南开区,20,3,300100,active
25,25,河北区,天津市/市辖区/河北区,20,3,300143,active
26,26,红桥区,天津市/市辖区/红桥区,20,3,300131,active
27,27,东丽区,天津市/市辖区/东丽区,20,3,300300,active
28,28,西青区,天津市/市辖区/西青区,20,3,300380,active
29,29,津南区,天津市/市辖区/津南区,20,3,300350,active
30,30,北辰区,天津市/市辖区/北辰区,20,3,300400,active
31,31,武清区,天津市/市辖区/武清区,20,3,301700,active
32,32,宝坻区,天津市/市辖区/宝坻区,20,3,301800,active
33,33,滨海新区,天津市/市辖区/滨海新区,20,3,300450,active
34,34,宁河区,天津市/市辖区/宁河区,20,3,301500,active
35,35,静海区,天津市/市辖区/静海区,20,3,301600,active
36,36,蓟州区,天津市/市辖区/蓟州区,20,3,301900,active
37,37,河北省,河北省,NULL,1,050000,active
38,38,石家庄市,河北省/石家庄市,37,2,050000,active
39,39,长安区,河北省/石家庄市/长安区,38,3,050011,active
40,40,桥西区,河北省/石家庄市/桥西区,38,3,050051,active
41,41,新华区,河北省/石家庄市/新华区,38,3,050061,active
42,42,井陉矿区,河北省/石家庄市/井陉矿区,38,3,050100,active
43,43,裕华区,河北省/石家庄市/裕华区,38,3,050021,active
44,44,藁城区,河北省/石家庄市/藁城区,38,3,052160,active
45,45,鹿泉区,河北省/石家庄市/鹿泉区,38,3,050200,active
46,46,栾城区,河北省/石家庄市/栾城区,38,3,051430,active
47,47,井陉县,河北省/石家庄市/井陉县,38,3,050300,active
48,48,正定县,河北省/石家庄市/正定县,38,3,050800,active
49,49,行唐县,河北省/石家庄市/行唐县,38,3,050600,active
50,50,灵寿县,河北省/石家庄市/灵寿县,38,3,050500,active
51,51,高邑县,河北省/石家庄市/高邑县,38,3,051330,active
52,52,深泽县,河北省/石家庄市/深泽县,38,3,052560,active
53,53,赞皇县,河北省/石家庄市/赞皇县,38,3,051230,active
54,54,无极县,河北省/石家庄市/无极县,38,3,052400,active
55,55,平山县,河北省/石家庄市/平山县,38,3,050400,active
56,56,元氏县,河北省/石家庄市/元氏县,38,3,051130,active
57,57,赵县,河北省/石家庄市/赵县,38,3,051530,active
58,58,辛集市,河北省/石家庄市/辛集市,38,3,052300,active
59,59,晋州市,河北省/石家庄市/晋州市,38,3,052200,active
60,60,新乐市,河北省/石家庄市/新乐市,38,3,050700,active
61,61,唐山市,河北省/唐山市,37,2,063000,active
62,62,路南区,河北省/唐山市/路南区,61,3,063017,active
63,63,路北区,河北省/唐山市/路北区,61,3,063000,active
64,64,古冶区,河北省/唐山市/古冶区,61,3,063100,active
65,65,开平区,河北省/唐山市/开平区,61,3,063021,active
66,66,丰南区,河北省/唐山市/丰南区,61,3,063300,active
67,67,丰润区,河北省/唐山市/丰润区,61,3,064000,active
68,68,曹妃甸区,河北省/唐山市/曹妃甸区,61,3,063200,active
69,69,滦南县,河北省/唐山市/滦南县,61,3,063500,active
70,70,乐亭县,河北省/唐山市/乐亭县,61,3,063600,active
71,71,迁西县,河北省/唐山市/迁西县,61,3,064300,active
72,72,玉田县,河北省/唐山市/玉田县,61,3,064100,active
73,73,唐海县,河北省/唐山市/唐海县,61,3,063200,active
74,74,遵化市,河北省/唐山市/遵化市,61,3,064200,active
75,75,迁安市,河北省/唐山市/迁安市,61,3,064400,active
76,76,秦皇岛市,河北省/秦皇岛市,37,2,066000,active
77,77,海港区,河北省/秦皇岛市/海港区,76,3,066000,active
78,78,山海关区,河北省/秦皇岛市/山海关区,76,3,066200,active
79,79,北戴河区,河北省/秦皇岛市/北戴河区,76,3,066100,active
80,80,抚宁区,河北省/秦皇岛市/抚宁区,76,3,066300,active
81,81,青龙满族自治县,河北省/秦皇岛市/青龙满族自治县,76,3,066500,active
82,82,昌黎县,河北省/秦皇岛市/昌黎县,76,3,066600,active
83,83,卢龙县,河北省/秦皇岛市/卢龙县,76,3,066400,active
84,84,邯郸市,河北省/邯郸市,37,2,056000,active
85,85,邯山区,河北省/邯郸市/邯山区,84,3,056001,active
86,86,丛台区,河北省/邯郸市/丛台区,84,3,056002,active
87,87,复兴区,河北省/邯郸市/复兴区,84,3,056003,active
88,88,峰峰矿区,河北省/邯郸市/峰峰矿区,84,3,056200,active
89,89,肥乡区,河北省/邯郸市/肥乡区,84,3,057550,active
90,90,永年区,河北省/邯郸市/永年区,84,3,057150,active
91,91,临漳县,河北省/邯郸市/临漳县,84,3,056600,active
92,92,成安县,河北省/邯郸市/成安县,84,3,056700,active
93,93,大名县,河北省/邯郸市/大名县,84,3,056900,active
94,94,涉县,河北省/邯郸市/涉县,84,3,056400,active
95,95,磁县,河北省/邯郸市/磁县,84,3,056500,active
96,96,邱县,河北省/邯郸市/邱县,84,3,057450,active
97,97,鸡泽县,河北省/邯郸市/鸡泽县,84,3,057350,active
98,98,广平县,河北省/邯郸市/广平县,84,3,057650,active
99,99,馆陶县,河北省/邯郸市/馆陶县,84,3,057750,active
100,100,魏县,河北省/邯郸市/魏县,84,3,056800,active
101,101,曲周县,河北省/邯郸市/曲周县,84,3,057250,active
102,102,武安市,河北省/邯郸市/武安市,84,3,056300,active
103,103,邢台市,河北省/邢台市,37,2,054000,active
104,104,襄都区,河北省/邢台市/襄都区,103,3,054001,active
105,105,信都区,河北省/邢台市/信都区,103,3,054001,active
106,106,任泽区,河北省/邢台市/任泽区,103,3,055150,active
107,107,南和区,河北省/邢台市/南和区,103,3,054400,active
108,108,临城县,河北省/邢台市/临城县,103,3,054300,active
109,109,内丘县,河北省/邢台市/内丘县,103,3,054200,active
110,110,柏乡县,河北省/邢台市/柏乡县,103,3,055450,active
111,111,隆尧县,河北省/邢台市/隆尧县,103,3,055350,active
112,112,宁晋县,河北省/邢台市/宁晋县,103,3,055550,active
113,113,巨鹿县,河北省/邢台市/巨鹿县,103,3,055250,active
114,114,新河县,河北省/邢台市/新河县,103,3,051730,active
115,115,广宗县,河北省/邢台市/广宗县,103,3,054600,active
116,116,平乡县,河北省/邢台市/平乡县,103,3,054500,active
117,117,威县,河北省/邢台市/威县,103,3,054700,active
118,118,清河县,河北省/邢台市/清河县,103,3,054800,active
119,119,临西县,河北省/邢台市/临西县,103,3,054900,active
120,120,南宫市,河北省/邢台市/南宫市,103,3,055750,active
121,121,沙河市,河北省/邢台市/沙河市,103,3,054100,active
122,122,保定市,河北省/保定市,37,2,071000,active
123,123,竞秀区,河北省/保定市/竞秀区,122,3,071051,active
124,124,莲池区,河北省/保定市/莲池区,122,3,071000,active
125,125,满城区,河北省/保定市/满城区,122,3,072150,active
126,126,清苑区,河北省/保定市/清苑区,122,3,071100,active
127,127,徐水区,河北省/保定市/徐水区,122,3,072550,active
128,128,涞水县,河北省/保定市/涞水县,122,3,074100,active
129,129,阜平县,河北省/保定市/阜平县,122,3,073200,active
130,130,定兴县,河北省/保定市/定兴县,122,3,072650,active
131,131,唐县,河北省/保定市/唐县,122,3,072350,active
132,132,高阳县,河北省/保定市/高阳县,122,3,071500,active
133,133,容城县,河北省/保定市/容城县,122,3,071700,active
134,134,涞源县,河北省/保定市/涞源县,122,3,074300,active
135,135,望都县,河北省/保定市/望都县,122,3,072450,active
136,136,安新县,河北省/保定市/安新县,122,3,071600,active
137,137,易县,河北省/保定市/易县,122,3,074200,active
138,138,曲阳县,河北省/保定市/曲阳县,122,3,073100,active
139,139,蠡县,河北省/保定市/蠡县,122,3,071400,active
140,140,顺平县,河北省/保定市/顺平县,122,3,072250,active
141,141,博野县,河北省/保定市/博野县,122,3,071300,active
142,142,雄县,河北省/保定市/雄县,122,3,071800,active
143,143,涿州市,河北省/保定市/涿州市,122,3,072750,active
144,144,定州市,河北省/保定市/定州市,122,3,073000,active
145,145,安国市,河北省/保定市/安国市,122,3,071200,active
146,146,高碑店市,河北省/保定市/高碑店市,122,3,074000,active
147,147,张家口市,河北省/张家口市,37,2,075000,active
148,148,桥东区,河北省/张家口市/桥东区,147,3,075001,active
149,149,桥西区,河北省/张家口市/桥西区,147,3,075061,active
150,150,宣化区,河北省/张家口市/宣化区,147,3,075100,active
151,151,下花园区,河北省/张家口市/下花园区,147,3,075300,active
152,152,万全区,河北省/张家口市/万全区,147,3,076250,active
153,153,崇礼区,河北省/张家口市/崇礼区,147,3,076350,active
154,154,张北县,河北省/张家口市/张北县,147,3,076450,active
155,155,康保县,河北省/张家口市/康保县,147,3,076550,active
156,156,沽源县,河北省/张家口市/沽源县,147,3,076550,active
157,157,尚义县,河北省/张家口市/尚义县,147,3,076750,active
158,158,蔚县,河北省/张家口市/蔚县,147,3,075700,active
159,159,阳原县,河北省/张家口市/阳原县,147,3,075800,active
160,160,怀安县,河北省/张家口市/怀安县,147,3,076150,active
161,161,怀来县,河北省/张家口市/怀来县,147,3,075400,active
162,162,涿鹿县,河北省/张家口市/涿鹿县,147,3,075600,active
163,163,赤城县,河北省/张家口市/赤城县,147,3,075500,active
164,164,承德市,河北省/承德市,37,2,067000,active
165,165,双桥区,河北省/承德市/双桥区,164,3,067000,active
166,166,双滦区,河北省/承德市/双滦区,164,3,067100,active
167,167,鹰手营子矿区,河北省/承德市/鹰手营子矿区,164,3,067200,active
168,168,承德县,河北省/承德市/承德县,164,3,067400,active
169,169,兴隆县,河北省/承德市/兴隆县,164,3,067300,active
170,170,滦平县,河北省/承德市/滦平县,164,3,068250,active
171,171,隆化县,河北省/承德市/隆化县,164,3,068150,active
172,172,丰宁满族自治县,河北省/承德市/丰宁满族自治县,164,3,068350,active
173,173,宽城满族自治县,河北省/承德市/宽城满族自治县,164,3,067600,active
174,174,围场满族蒙古族自治县,河北省/承德市/围场满族蒙古族自治县,164,3,068450,active
175,175,平泉市,河北省/承德市/平泉市,164,3,067500,active
176,176,沧州市,河北省/沧州市,37,2,061000,active
177,177,新华区,河北省/沧州市/新华区,176,3,061000,active
178,178,运河区,河北省/沧州市/运河区,176,3,061001,active
179,179,沧县,河北省/沧州市/沧县,176,3,061000,active
180,180,青县,河北省/沧州市/青县,176,3,062650,active
181,181,东光县,河北省/沧州市/东光县,176,3,061600,active
182,182,海兴县,河北省/沧州市/海兴县,176,3,061200,active
183,183,盐山县,河北省/沧州市/盐山县,176,3,061300,active
184,184,肃宁县,河北省/沧州市/肃宁县,176,3,062350,active
185,185,南皮县,河北省/沧州市/南皮县,176,3,061500,active
186,186,吴桥县,河北省/沧州市/吴桥县,176,3,061800,active
187,187,献县,河北省/沧州市/献县,176,3,062250,active
188,188,孟村回族自治县,河北省/沧州市/孟村回族自治县,176,3,061400,active
189,189,泊头市,河北省/沧州市/泊头市,176,3,062150,active
190,190,任丘市,河北省/沧州市/任丘市,176,3,062550,active
191,191,黄骅市,河北省/沧州市/黄骅市,176,3,061100,active
192,192,河间市,河北省/沧州市/河间市,176,3,062400,active
193,193,廊坊市,河北省/廊坊市,37,2,065000,active
194,194,安次区,河北省/廊坊市/安次区,193,3,065000,active
195,195,广阳区,河北省/廊坊市/广阳区,193,3,065800,active
196,196,固安县,河北省/廊坊市/固安县,193,3,065500,active
197,197,永清县,河北省/廊坊市/永清县,193,3,065600,active
198,198,香河县,河北省/廊坊市/香河县,193,3,065400,active
199,199,大城县,河北省/廊坊市/大城县,193,3,065900,active
200,200,文安县,河北省/廊坊市/文安县,193,3,065800,active
201,201,大厂回族自治县,河北省/廊坊市/大厂回族自治县,193,3,065300,active
202,202,霸州市,河北省/廊坊市/霸州市,193,3,065700,active
203,203,三河市,河北省/廊坊市/三河市,193,3,065200,active
204,204,衡水市,河北省/衡水市,37,2,053000,active
205,205,桃城区,河北省/衡水市/桃城区,204,3,053000,active
206,206,冀州区,河北省/衡水市/冀州区,204,3,053200,active
207,207,枣强县,河北省/衡水市/枣强县,204,3,053100,active
208,208,武邑县,河北省/衡水市/武邑县,204,3,053400,active
209,209,武强县,河北省/衡水市/武强县,204,3,053300,active
210,210,饶阳县,河北省/衡水市/饶阳县,204,3,053900,active
211,211,安平县,河北省/衡水市/安平县,204,3,053600,active
212,212,故城县,河北省/衡水市/故城县,204,3,253800,active
213,213,景县,河北省/衡水市/景县,204,3,053500,active
214,214,阜城县,河北省/衡水市/阜城县,204,3,053700,active
215,215,深州市,河北省/衡水市/深州市,204,3,053800,active
216,216,山西省,山西省,NULL,1,030000,active
217,217,太原市,山西省/太原市,216,2,030000,active
218,218,小店区,山西省/太原市/小店区,217,3,030032,active
219,219,迎泽区,山西省/太原市/迎泽区,217,3,030002,active
220,220,杏花岭区,山西省/太原市/杏花岭区,217,3,030002,active
221,221,尖草坪区,山西省/太原市/尖草坪区,217,3,030003,active
222,222,万柏林区,山西省/太原市/万柏林区,217,3,030024,active
223,223,晋源区,山西省/太原市/晋源区,217,3,030025,active
224,224,清徐县,山西省/太原市/清徐县,217,3,030400,active
225,225,阳曲县,山西省/太原市/阳曲县,217,3,030100,active
226,226,娄烦县,山西省/太原市/娄烦县,217,3,030300,active
227,227,古交市,山西省/太原市/古交市,217,3,030200,active
228,228,大同市,山西省/大同市,216,2,037008,active
229,229,平城区,山西省/大同市/平城区,228,3,037008,active
230,230,云冈区,山西省/大同市/云冈区,228,3,037001,active
231,231,新荣区,山西省/大同市/新荣区,228,3,037002,active
232,232,阳高县,山西省/大同市/阳高县,228,3,038100,active
233,233,天镇县,山西省/大同市/天镇县,228,3,038200,active
234,234,广灵县,山西省/大同市/广灵县,228,3,037500,active
235,235,灵丘县,山西省/大同市/灵丘县,228,3,034400,active
236,236,浑源县,山西省/大同市/浑源县,228,3,037400,active
237,237,左云县,山西省/大同市/左云县,228,3,037100,active
238,238,平定县,山西省/大同市/平定县,228,3,045200,active
239,239,盂县,山西省/大同市/盂县,228,3,045100,active
240,240,阳泉市,山西省/阳泉市,216,2,045000,active
241,241,城区,山西省/阳泉市/城区,240,3,045000,active
242,242,矿区,山西省/阳泉市/矿区,240,3,045000,active
243,243,郊区,山西省/阳泉市/郊区,240,3,045000,active
244,244,平定县,山西省/阳泉市/平定县,240,3,045200,active
245,245,盂县,山西省/阳泉市/盂县,240,3,045100,active
246,246,长治市,山西省/长治市,216,2,046000,active
247,247,潞州区,山西省/长治市/潞州区,246,3,046000,active
248,248,上党区,山西省/长治市/上党区,246,3,047100,active
249,249,屯留区,山西省/长治市/屯留区,246,3,046100,active
250,250,潞城区,山西省/长治市/潞城区,246,3,047500,active
251,251,襄垣县,山西省/长治市/襄垣县,246,3,046200,active
252,252,平顺县,山西省/长治市/平顺县,246,3,047400,active
253,253,黎城县,山西省/长治市/黎城县,246,3,047600,active
254,254,壶关县,山西省/长治市/壶关县,246,3,047300,active
255,255,长子县,山西省/长治市/长子县,246,3,046600,active
256,256,武乡县,山西省/长治市/武乡县,246,3,046300,active
257,257,沁县,山西省/长治市/沁县,246,3,046400,active
258,258,沁源县,山西省/长治市/沁源县,246,3,046500,active
259,259,晋城市,山西省/晋城市,216,2,048000,active
260,260,城区,山西省/晋城市/城区,259,3,048000,active
261,261,沁水县,山西省/晋城市/沁水县,259,3,048200,active
262,262,阳城县,山西省/晋城市/阳城县,259,3,048100,active
263,263,陵川县,山西省/晋城市/陵川县,259,3,048300,active
264,264,泽州县,山西省/晋城市/泽州县,259,3,048000,active
265,265,高平市,山西省/晋城市/高平市,259,3,048400,active
266,266,朔州市,山西省/朔州市,216,2,036000,active
267,267,朔城区,山西省/朔州市/朔城区,266,3,036000,active
268,268,平鲁区,山西省/朔州市/平鲁区,266,3,036800,active
269,269,山阴县,山西省/朔州市/山阴县,266,3,036900,active
270,270,应县,山西省/朔州市/应县,266,3,037600,active
271,271,右玉县,山西省/朔州市/右玉县,266,3,037200,active
272,272,怀仁市,山西省/朔州市/怀仁市,266,3,038300,active
273,273,晋中市,山西省/晋中市,216,2,030600,active
274,274,榆次区,山西省/晋中市/榆次区,273,3,030620,active
275,275,太谷区,山西省/晋中市/太谷区,273,3,030800,active
276,276,榆社县,山西省/晋中市/榆社县,273,3,031800,active
277,277,左权县,山西省/晋中市/左权县,273,3,032600,active
278,278,和顺县,山西省/晋中市/和顺县,273,3,032700,active
279,279,昔阳县,山西省/晋中市/昔阳县,273,3,045300,active
280,280,寿阳县,山西省/晋中市/寿阳县,273,3,045400,active
281,281,祁县,山西省/晋中市/祁县,273,3,030900,active
282,282,平遥县,山西省/晋中市/平遥县,273,3,031100,active
283,283,灵石县,山西省/晋中市/灵石县,273,3,031300,active
284,284,介休市,山西省/晋中市/介休市,273,3,032000,active
285,285,运城市,山西省/运城市,216,2,044000,active
286,286,盐湖区,山西省/运城市/盐湖区,285,3,044000,active
287,287,临猗县,山西省/运城市/临猗县,285,3,044100,active
288,288,万荣县,山西省/运城市/万荣县,285,3,044200,active
289,289,闻喜县,山西省/运城市/闻喜县,285,3,043800,active
290,290,稷山县,山西省/运城市/稷山县,285,3,043200,active
291,291,新绛县,山西省/运城市/新绛县,285,3,043100,active
292,292,绛县,山西省/运城市/绛县,285,3,043600,active
293,293,垣曲县,山西省/运城市/垣曲县,285,3,043700,active
294,294,夏县,山西省/运城市/夏县,285,3,044400,active
295,295,平陆县,山西省/运城市/平陆县,285,3,044300,active
296,296,芮城县,山西省/运城市/芮城县,285,3,044600,active
297,297,永济市,山西省/运城市/永济市,285,3,044500,active
298,298,河津市,山西省/运城市/河津市,285,3,043300,active
299,299,忻州市,山西省/忻州市,216,2,034000,active
300,300,忻府区,山西省/忻州市/忻府区,299,3,034000,active
301,301,定襄县,山西省/忻州市/定襄县,299,3,035400,active
302,302,五台县,山西省/忻州市/五台县,299,3,035500,active
303,303,代县,山西省/忻州市/代县,299,3,034200,active
304,304,繁峙县,山西省/忻州市/繁峙县,299,3,034300,active
305,305,宁武县,山西省/忻州市/宁武县,299,3,036700,active
306,306,静乐县,山西省/忻州市/静乐县,299,3,035100,active
307,307,神池县,山西省/忻州市/神池县,299,3,036500,active
308,308,五寨县,山西省/忻州市/五寨县,299,3,036200,active
309,309,岢岚县,山西省/忻州市/岢岚县,299,3,036300,active
310,310,河曲县,山西省/忻州市/河曲县,299,3,036500,active
311,311,保德县,山西省/忻州市/保德县,299,3,036600,active
312,312,偏关县,山西省/忻州市/偏关县,299,3,036400,active
313,313,原平市,山西省/忻州市/原平市,299,3,034100,active
314,314,临汾市,山西省/临汾市,216,2,041000,active
315,315,尧都区,山西省/临汾市/尧都区,314,3,041000,active
316,316,曲沃县,山西省/临汾市/曲沃县,314,3,043400,active
317,317,翼城县,山西省/临汾市/翼城县,314,3,043500,active
318,318,襄汾县,山西省/临汾市/襄汾县,314,3,041500,active
319,319,洪洞县,山西省/临汾市/洪洞县,314,3,031600,active
320,320,古县,山西省/临汾市/古县,314,3,042400,active
321,321,安泽县,山西省/临汾市/安泽县,314,3,042500,active
322,322,浮山县,山西省/临汾市/浮山县,314,3,042600,active
323,323,吉县,山西省/临汾市/吉县,314,3,042200,active
324,324,乡宁县,山西省/临汾市/乡宁县,314,3,042100,active
325,325,大宁县,山西省/临汾市/大宁县,314,3,042300,active
326,326,隰县,山西省/临汾市/隰县,314,3,041300,active
327,327,永和县,山西省/临汾市/永和县,314,3,041400,active
328,328,蒲县,山西省/临汾市/蒲县,314,3,041200,active
329,329,汾西县,山西省/临汾市/汾西县,314,3,031500,active
330,330,侯马市,山西省/临汾市/侯马市,314,3,043000,active
331,331,霍州市,山西省/临汾市/霍州市,314,3,031400,active
332,332,吕梁市,山西省/吕梁市,216,2,033000,active
333,333,离石区,山西省/吕梁市/离石区,332,3,033000,active
334,334,文水县,山西省/吕梁市/文水县,332,3,032100,active
335,335,交城县,山西省/吕梁市/交城县,332,3,030500,active
336,336,兴县,山西省/吕梁市/兴县,332,3,033600,active
337,337,临县,山西省/吕梁市/临县,332,3,033200,active
338,338,柳林县,山西省/吕梁市/柳林县,332,3,033300,active
339,339,石楼县,山西省/吕梁市/石楼县,332,3,032500,active
340,340,岚县,山西省/吕梁市/岚县,332,3,033500,active
341,341,方山县,山西省/吕梁市/方山县,332,3,033100,active
342,342,中阳县,山西省/吕梁市/中阳县,332,3,033400,active
343,343,交口县,山西省/吕梁市/交口县,332,3,032400,active
344,344,孝义市,山西省/吕梁市/孝义市,332,3,032300,active
345,345,汾阳市,山西省/吕梁市/汾阳市,332,3,032200,active
346,346,内蒙古自治区,内蒙古自治区,NULL,1,010000,active
347,347,呼和浩特市,内蒙古自治区/呼和浩特市,346,2,010000,active
348,348,新城区,内蒙古自治区/呼和浩特市/新城区,347,3,010050,active
349,349,回民区,内蒙古自治区/呼和浩特市/回民区,347,3,010030,active
350,350,玉泉区,内蒙古自治区/呼和浩特市/玉泉区,347,3,010020,active
351,351,赛罕区,内蒙古自治区/呼和浩特市/赛罕区,347,3,010020,active
352,352,土默特左旗,内蒙古自治区/呼和浩特市/土默特左旗,347,3,010100,active
353,353,托克托县,内蒙古自治区/呼和浩特市/托克托县,347,3,010200,active
354,354,和林格尔县,内蒙古自治区/呼和浩特市/和林格尔县,347,3,011500,active
355,355,清水河县,内蒙古自治区/呼和浩特市/清水河县,347,3,011600,active
356,356,武川县,内蒙古自治区/呼和浩特市/武川县,347,3,011700,active
357,357,包头市,内蒙古自治区/包头市,346,2,014000,active
358,358,东河区,内蒙古自治区/包头市/东河区,357,3,014040,active
359,359,昆都仑区,内蒙古自治区/包头市/昆都仑区,357,3,014010,active
360,360,青山区,内蒙古自治区/包头市/青山区,357,3,014030,active
361,361,石拐区,内蒙古自治区/包头市/石拐区,357,3,014070,active
362,362,白云鄂博矿区,内蒙古自治区/包头市/白云鄂博矿区,357,3,014080,active
363,363,九原区,内蒙古自治区/包头市/九原区,357,3,014060,active
364,364,土默特右旗,内蒙古自治区/包头市/土默特右旗,357,3,014100,active
365,365,固阳县,内蒙古自治区/包头市/固阳县,357,3,014200,active
366,366,达尔罕茂明安联合旗,内蒙古自治区/包头市/达尔罕茂明安联合旗,357,3,014500,active
367,367,乌海市,内蒙古自治区/乌海市,346,2,016000,active
368,368,海勃湾区,内蒙古自治区/乌海市/海勃湾区,367,3,016000,active
369,369,海南区,内蒙古自治区/乌海市/海南区,367,3,016030,active
370,370,乌达区,内蒙古自治区/乌海市/乌达区,367,3,016040,active
371,371,赤峰市,内蒙古自治区/赤峰市,346,2,024000,active
372,372,红山区,内蒙古自治区/赤峰市/红山区,371,3,024001,active
373,373,元宝山区,内蒙古自治区/赤峰市/元宝山区,371,3,024070,active
374,374,松山区,内蒙古自治区/赤峰市/松山区,371,3,024020,active
375,375,阿鲁科尔沁旗,内蒙古自治区/赤峰市/阿鲁科尔沁旗,371,3,025550,active
376,376,巴林左旗,内蒙古自治区/赤峰市/巴林左旗,371,3,025450,active
377,377,巴林右旗,内蒙古自治区/赤峰市/巴林右旗,371,3,025150,active
378,378,林西县,内蒙古自治区/赤峰市/林西县,371,3,025250,active
379,379,克什克腾旗,内蒙古自治区/赤峰市/克什克腾旗,371,3,025350,active
380,380,翁牛特旗,内蒙古自治区/赤峰市/翁牛特旗,371,3,024500,active
381,381,喀喇沁旗,内蒙古自治区/赤峰市/喀喇沁旗,371,3,024400,active
382,382,宁城县,内蒙古自治区/赤峰市/宁城县,371,3,024200,active
383,383,敖汉旗,内蒙古自治区/赤峰市/敖汉旗,371,3,024300,active
384,384,通辽市,内蒙古自治区/通辽市,346,2,028000,active
385,385,科尔沁区,内蒙古自治区/通辽市/科尔沁区,384,3,028000,active
386,386,科尔沁左翼中旗,内蒙古自治区/通辽市/科尔沁左翼中旗,384,3,029300,active
387,387,科尔沁左翼后旗,内蒙古自治区/通辽市/科尔沁左翼后旗,384,3,028100,active
388,388,开鲁县,内蒙古自治区/通辽市/开鲁县,384,3,028400,active
389,389,库伦旗,内蒙古自治区/通辽市/库伦旗,384,3,028200,active
390,390,奈曼旗,内蒙古自治区/通辽市/奈曼旗,384,3,028300,active
391,391,扎鲁特旗,内蒙古自治区/通辽市/扎鲁特旗,384,3,029100,active
392,392,霍林郭勒市,内蒙古自治区/通辽市/霍林郭勒市,384,3,029200,active
393,393,鄂尔多斯市,内蒙古自治区/鄂尔多斯市,346,2,017000,active
394,394,康巴什区,内蒙古自治区/鄂尔多斯市/康巴什区,393,3,017020,active
395,395,东胜区,内蒙古自治区/鄂尔多斯市/东胜区,393,3,017000,active
396,396,达拉特旗,内蒙古自治区/鄂尔多斯市/达拉特旗,393,3,014400,active
397,397,准格尔旗,内蒙古自治区/鄂尔多斯市/准格尔旗,393,3,017100,active
398,398,鄂托克前旗,内蒙古自治区/鄂尔多斯市/鄂托克前旗,393,3,016200,active
399,399,鄂托克旗,内蒙古自治区/鄂尔多斯市/鄂托克旗,393,3,016100,active
400,400,杭锦旗,内蒙古自治区/鄂尔多斯市/杭锦旗,393,3,017400,active
401,401,乌审旗,内蒙古自治区/鄂尔多斯市/乌审旗,393,3,017300,active
402,402,伊金霍洛旗,内蒙古自治区/鄂尔多斯市/伊金霍洛旗,393,3,017200,active
403,403,呼伦贝尔市,内蒙古自治区/呼伦贝尔市,346,2,021000,active
404,404,海拉尔区,内蒙古自治区/呼伦贝尔市/海拉尔区,403,3,021000,active
405,405,扎赉诺尔区,内蒙古自治区/呼伦贝尔市/扎赉诺尔区,403,3,021410,active
406,406,阿荣旗,内蒙古自治区/呼伦贝尔市/阿荣旗,403,3,162750,active
407,407,莫力达瓦达斡尔族自治旗,内蒙古自治区/呼伦贝尔市/莫力达瓦达斡尔族自治旗,403,3,162850,active
408,408,鄂伦春自治旗,内蒙古自治区/呼伦贝尔市/鄂伦春自治旗,403,3,165450,active
409,409,鄂温克族自治旗,内蒙古自治区/呼伦贝尔市/鄂温克族自治旗,403,3,021100,active
410,410,陈巴尔虎旗,内蒙古自治区/呼伦贝尔市/陈巴尔虎旗,403,3,021500,active
411,411,新巴尔虎左旗,内蒙古自治区/呼伦贝尔市/新巴尔虎左旗,403,3,021200,active
412,412,新巴尔虎右旗,内蒙古自治区/呼伦贝尔市/新巴尔虎右旗,403,3,021300,active
413,413,满洲里市,内蒙古自治区/呼伦贝尔市/满洲里市,403,3,021400,active
414,414,牙克石市,内蒙古自治区/呼伦贝尔市/牙克石市,403,3,022150,active
415,415,扎兰屯市,内蒙古自治区/呼伦贝尔市/扎兰屯市,403,3,162650,active
416,416,额尔古纳市,内蒙古自治区/呼伦贝尔市/额尔古纳市,403,3,022250,active
417,417,根河市,内蒙古自治区/呼伦贝尔市/根河市,403,3,022350,active
418,418,巴彦淖尔市,内蒙古自治区/巴彦淖尔市,346,2,015000,active
419,419,临河区,内蒙古自治区/巴彦淖尔市/临河区,418,3,015000,active
420,420,五原县,内蒙古自治区/巴彦淖尔市/五原县,418,3,015100,active
421,421,磴口县,内蒙古自治区/巴彦淖尔市/磴口县,418,3,015200,active
422,422,乌拉特前旗,内蒙古自治区/巴彦淖尔市/乌拉特前旗,418,3,014400,active
423,423,乌拉特中旗,内蒙古自治区/巴彦淖尔市/乌拉特中旗,418,3,015330,active
424,424,乌拉特后旗,内蒙古自治区/巴彦淖尔市/乌拉特后旗,418,3,015500,active
425,425,杭锦后旗,内蒙古自治区/巴彦淖尔市/杭锦后旗,418,3,015400,active
426,426,乌兰察布市,内蒙古自治区/乌兰察布市,346,2,012000,active
427,427,集宁区,内蒙古自治区/乌兰察布市/集宁区,426,3,012000,active
428,428,卓资县,内蒙古自治区/乌兰察布市/卓资县,426,3,012300,active
429,429,化德县,内蒙古自治区/乌兰察布市/化德县,426,3,013350,active
430,430,商都县,内蒙古自治区/乌兰察布市/商都县,426,3,013400,active
431,431,兴和县,内蒙古自治区/乌兰察布市/兴和县,426,3,013650,active
432,432,凉城县,内蒙古自治区/乌兰察布市/凉城县,426,3,013750,active
433,433,察哈尔右翼前旗,内蒙古自治区/乌兰察布市/察哈尔右翼前旗,426,3,012200,active
434,434,察哈尔右翼中旗,内蒙古自治区/乌兰察布市/察哈尔右翼中旗,426,3,013550,active
435,435,察哈尔右翼后旗,内蒙古自治区/乌兰察布市/察哈尔右翼后旗,426,3,012400,active
436,436,四子王旗,内蒙古自治区/乌兰察布市/四子王旗,426,3,011800,active
437,437,丰镇市,内蒙古自治区/乌兰察布市/丰镇市,426,3,012100,active
438,438,兴安盟,内蒙古自治区/兴安盟,346,2,137400,active
439,439,乌兰浩特市,内蒙古自治区/兴安盟/乌兰浩特市,438,3,137400,active
440,440,阿尔山市,内蒙古自治区/兴安盟/阿尔山市,438,3,137400,active
441,441,科尔沁右翼前旗,内蒙古自治区/兴安盟/科尔沁右翼前旗,438,3,137400,active
442,442,科尔沁右翼中旗,内蒙古自治区/兴安盟/科尔沁右翼中旗,438,3,029400,active
443,443,扎赉特旗,内蒙古自治区/兴安盟/扎赉特旗,438,3,137600,active
444,444,突泉县,内蒙古自治区/兴安盟/突泉县,438,3,137500,active
445,445,锡林郭勒盟,内蒙古自治区/锡林郭勒盟,346,2,026000,active
446,446,二连浩特市,内蒙古自治区/锡林郭勒盟/二连浩特市,445,3,013100,active
447,447,锡林浩特市,内蒙古自治区/锡林郭勒盟/锡林浩特市,445,3,026000,active
448,448,阿巴嘎旗,内蒙古自治区/锡林郭勒盟/阿巴嘎旗,445,3,011400,active
449,449,苏尼特左旗,内蒙古自治区/锡林郭勒盟/苏尼特左旗,445,3,011300,active
450,450,苏尼特右旗,内蒙古自治区/锡林郭勒盟/苏尼特右旗,445,3,011200,active
451,451,东乌珠穆沁旗,内蒙古自治区/锡林郭勒盟/东乌珠穆沁旗,445,3,026300,active
452,452,西乌珠穆沁旗,内蒙古自治区/锡林郭勒盟/西乌珠穆沁旗,445,3,026200,active
453,453,太仆寺旗,内蒙古自治区/锡林郭勒盟/太仆寺旗,445,3,027000,active
454,454,镶黄旗,内蒙古自治区/锡林郭勒盟/镶黄旗,445,3,013250,active
455,455,正镶白旗,内蒙古自治区/锡林郭勒盟/正镶白旗,445,3,013800,active
456,456,正蓝旗,内蒙古自治区/锡林郭勒盟/正蓝旗,445,3,027200,active
457,457,多伦县,内蒙古自治区/锡林郭勒盟/多伦县,445,3,027300,active
458,458,阿拉善盟,内蒙古自治区/阿拉善盟,346,2,750000,active
459,459,阿拉善左旗,内蒙古自治区/阿拉善盟/阿拉善左旗,458,3,750300,active
460,460,阿拉善右旗,内蒙古自治区/阿拉善盟/阿拉善右旗,458,3,737300,active
461,461,额济纳旗,内蒙古自治区/阿拉善盟/额济纳旗,458,3,735400,active
462,462,辽宁省,辽宁省,NULL,1,110000,active
463,463,沈阳市,辽宁省/沈阳市,462,2,110000,active
464,464,和平区,辽宁省/沈阳市/和平区,463,3,110001,active
465,465,沈河区,辽宁省/沈阳市/沈河区,463,3,110013,active
466,466,大东区,辽宁省/沈阳市/大东区,463,3,110041,active
467,467,皇姑区,辽宁省/沈阳市/皇姑区,463,3,110031,active
468,468,铁西区,辽宁省/沈阳市/铁西区,463,3,110021,active
469,469,苏家屯区,辽宁省/沈阳市/苏家屯区,463,3,110101,active
470,470,浑南区,辽宁省/沈阳市/浑南区,463,3,110168,active
471,471,沈北新区,辽宁省/沈阳市/沈北新区,463,3,110121,active
472,472,于洪区,辽宁省/沈阳市/于洪区,463,3,110141,active
473,473,辽中区,辽宁省/沈阳市/辽中区,463,3,110200,active
474,474,康平县,辽宁省/沈阳市/康平县,463,3,110500,active
475,475,法库县,辽宁省/沈阳市/法库县,463,3,110400,active
476,476,新民市,辽宁省/沈阳市/新民市,463,3,110300,active
477,477,大连市,辽宁省/大连市,462,2,116000,active
478,478,中山区,辽宁省/大连市/中山区,477,3,116001,active
479,479,西岗区,辽宁省/大连市/西岗区,477,3,116011,active
480,480,沙河口区,辽宁省/大连市/沙河口区,477,3,116021,active
481,481,甘井子区,辽宁省/大连市/甘井子区,477,3,116033,active
482,482,旅顺口区,辽宁省/大连市/旅顺口区,477,3,116041,active
483,483,金州区,辽宁省/大连市/金州区,477,3,116650,active
484,484,普兰店区,辽宁省/大连市/普兰店区,477,3,116200,active
485,485,长海县,辽宁省/大连市/长海县,477,3,116500,active
486,486,瓦房店市,辽宁省/大连市/瓦房店市,477,3,116300,active
487,487,庄河市,辽宁省/大连市/庄河市,477,3,116400,active
488,488,鞍山市,辽宁省/鞍山市,462,2,114000,active
489,489,铁东区,辽宁省/鞍山市/铁东区,488,3,114001,active
490,490,铁西区,辽宁省/鞍山市/铁西区,488,3,114014,active
491,491,立山区,辽宁省/鞍山市/立山区,488,3,114031,active
492,492,千山区,辽宁省/鞍山市/千山区,488,3,114041,active
493,493,台安县,辽宁省/鞍山市/台安县,488,3,114100,active
494,494,岫岩满族自治县,辽宁省/鞍山市/岫岩满族自治县,488,3,118400,active
495,495,海城市,辽宁省/鞍山市/海城市,488,3,114200,active
496,496,抚顺市,辽宁省/抚顺市,462,2,113000,active
497,497,新抚区,辽宁省/抚顺市/新抚区,496,3,113008,active
498,498,东洲区,辽宁省/抚顺市/东洲区,496,3,113004,active
499,499,望花区,辽宁省/抚顺市/望花区,496,3,113001,active
500,500,顺城区,辽宁省/抚顺市/顺城区,496,3,113006,active
501,501,抚顺县,辽宁省/抚顺市/抚顺县,496,3,113100,active
502,502,新宾满族自治县,辽宁省/抚顺市/新宾满族自治县,496,3,113200,active
503,503,清原满族自治县,辽宁省/抚顺市/清原满族自治县,496,3,113300,active
504,504,本溪市,辽宁省/本溪市,462,2,117000,active
505,505,平山区,辽宁省/本溪市/平山区,504,3,117021,active
506,506,溪湖区,辽宁省/本溪市/溪湖区,504,3,117002,active
507,507,明山区,辽宁省/本溪市/明山区,504,3,117021,active
508,508,南芬区,辽宁省/本溪市/南芬区,504,3,117014,active
509,509,本溪满族自治县,辽宁省/本溪市/本溪满族自治县,504,3,117100,active
510,510,桓仁满族自治县,辽宁省/本溪市/桓仁满族自治县,504,3,117200,active
511,511,丹东市,辽宁省/丹东市,462,2,118000,active
512,512,元宝区,辽宁省/丹东市/元宝区,511,3,118000,active
513,513,振兴区,辽宁省/丹东市/振兴区,511,3,118002,active
514,514,振安区,辽宁省/丹东市/振安区,511,3,118001,active
515,515,宽甸满族自治县,辽宁省/丹东市/宽甸满族自治县,511,3,118200,active
516,516,东港市,辽宁省/丹东市/东港市,511,3,118300,active
517,517,凤城市,辽宁省/丹东市/凤城市,511,3,118100,active
518,518,锦州市,辽宁省/锦州市,462,2,121000,active
519,519,古塔区,辽宁省/锦州市/古塔区,518,3,121001,active
520,520,凌河区,辽宁省/锦州市/凌河区,518,3,121000,active
521,521,太和区,辽宁省/锦州市/太和区,518,3,121011,active
522,522,黑山县,辽宁省/锦州市/黑山县,518,3,121400,active
523,523,义县,辽宁省/锦州市/义县,518,3,121100,active
524,524,凌海市,辽宁省/锦州市/凌海市,518,3,121200,active
525,525,北镇市,辽宁省/锦州市/北镇市,518,3,121300,active
526,526,营口市,辽宁省/营口市,462,2,115000,active
527,527,站前区,辽宁省/营口市/站前区,526,3,115002,active
528,528,西市区,辽宁省/营口市/西市区,526,3,115003,active
529,529,鲅鱼圈区,辽宁省/营口市/鲅鱼圈区,526,3,115007,active
530,530,老边区,辽宁省/营口市/老边区,526,3,115005,active
531,531,大石桥市,辽宁省/营口市/大石桥市,526,3,115100,active
532,532,盖州市,辽宁省/营口市/盖州市,526,3,115200,active
533,533,阜新市,辽宁省/阜新市,462,2,123000,active
534,534,海州区,辽宁省/阜新市/海州区,533,3,123000,active
535,535,新邱区,辽宁省/阜新市/新邱区,533,3,123005,active
536,536,太平区,辽宁省/阜新市/太平区,533,3,123003,active
537,537,清河门区,辽宁省/阜新市/清河门区,533,3,123006,active
538,538,细河区,辽宁省/阜新市/细河区,533,3,123029,active
539,539,阜新蒙古族自治县,辽宁省/阜新市/阜新蒙古族自治县,533,3,123100,active
540,540,彰武县,辽宁省/阜新市/彰武县,533,3,123200,active
541,541,辽阳市,辽宁省/辽阳市,462,2,111000,active
542,542,白塔区,辽宁省/辽阳市/白塔区,541,3,111000,active
543,543,文圣区,辽宁省/辽阳市/文圣区,541,3,111000,active
544,544,宏伟区,辽宁省/辽阳市/宏伟区,541,3,111001,active
545,545,弓长岭区,辽宁省/辽阳市/弓长岭区,541,3,111008,active
546,546,太子河区,辽宁省/辽阳市/太子河区,541,3,111200,active
547,547,辽阳县,辽宁省/辽阳市/辽阳县,541,3,111200,active
548,548,灯塔市,辽宁省/辽阳市/灯塔市,541,3,111300,active
549,549,盘锦市,辽宁省/盘锦市,462,2,124000,active
550,550,双台子区,辽宁省/盘锦市/双台子区,549,3,124010,active
551,551,兴隆台区,辽宁省/盘锦市/兴隆台区,549,3,124011,active
552,552,大洼区,辽宁省/盘锦市/大洼区,549,3,124200,active
553,553,盘山县,辽宁省/盘锦市/盘山县,549,3,124100,active
554,554,铁岭市,辽宁省/铁岭市,462,2,112000,active
555,555,银州区,辽宁省/铁岭市/银州区,554,3,112000,active
556,556,清河区,辽宁省/铁岭市/清河区,554,3,112003,active
557,557,铁岭县,辽宁省/铁岭市/铁岭县,554,3,112000,active
558,558,西丰县,辽宁省/铁岭市/西丰县,554,3,112400,active
559,559,昌图县,辽宁省/铁岭市/昌图县,554,3,112500,active
560,560,调兵山市,辽宁省/铁岭市/调兵山市,554,3,112700,active
561,561,开原市,辽宁省/铁岭市/开原市,554,3,112300,active
562,562,朝阳市,辽宁省/朝阳市,462,2,122000,active
563,563,双塔区,辽宁省/朝阳市/双塔区,562,3,122000,active
564,564,龙城区,辽宁省/朝阳市/龙城区,562,3,122000,active
565,565,朝阳县,辽宁省/朝阳市/朝阳县,562,3,122000,active
566,566,建平县,辽宁省/朝阳市/建平县,562,3,122400,active
567,567,喀喇沁左翼蒙古族自治县,辽宁省/朝阳市/喀喇沁左翼蒙古族自治县,562,3,122300,active
568,568,北票市,辽宁省/朝阳市/北票市,562,3,122100,active
569,569,凌源市,辽宁省/朝阳市/凌源市,562,3,122500,active
570,570,葫芦岛市,辽宁省/葫芦岛市,462,2,125000,active
571,571,连山区,辽宁省/葫芦岛市/连山区,570,3,125001,active
572,572,龙港区,辽宁省/葫芦岛市/龙港区,570,3,125003,active
573,573,南票区,辽宁省/葫芦岛市/南票区,570,3,125027,active
574,574,绥中县,辽宁省/葫芦岛市/绥中县,570,3,125200,active
575,575,建昌县,辽宁省/葫芦岛市/建昌县,570,3,125300,active
576,576,兴城市,辽宁省/葫芦岛市/兴城市,570,3,125100,active
577,577,吉林省,吉林省,NULL,1,130000,active
578,578,长春市,吉林省/长春市,577,2,130000,active
579,579,南关区,吉林省/长春市/南关区,578,3,130041,active
580,580,宽城区,吉林省/长春市/宽城区,578,3,130051,active
581,581,朝阳区,吉林省/长春市/朝阳区,578,3,130061,active
582,582,二道区,吉林省/长春市/二道区,578,3,130031,active
583,583,绿园区,吉林省/长春市/绿园区,578,3,130062,active
584,584,双阳区,吉林省/长春市/双阳区,578,3,130600,active
585,585,九台区,吉林省/长春市/九台区,578,3,130500,active
586,586,农安县,吉林省/长春市/农安县,578,3,130200,active
587,587,榆树市,吉林省/长春市/榆树市,578,3,130400,active
588,588,德惠市,吉林省/长春市/德惠市,578,3,130300,active
589,589,吉林市,吉林省/吉林市,577,2,132000,active
590,590,昌邑区,吉林省/吉林市/昌邑区,589,3,132002,active
591,591,龙潭区,吉林省/吉林市/龙潭区,589,3,132021,active
592,592,船营区,吉林省/吉林市/船营区,589,3,132011,active
593,593,丰满区,吉林省/吉林市/丰满区,589,3,132013,active
594,594,永吉县,吉林省/吉林市/永吉县,589,3,132200,active
595,595,蛟河市,吉林省/吉林市/蛟河市,589,3,132500,active
596,596,桦甸市,吉林省/吉林市/桦甸市,589,3,132400,active
597,597,舒兰市,吉林省/吉林市/舒兰市,589,3,132600,active
598,598,磐石市,吉林省/吉林市/磐石市,589,3,132300,active
599,599,四平市,吉林省/四平市,577,2,136000,active
600,600,铁西区,吉林省/四平市/铁西区,599,3,136000,active
601,601,铁东区,吉林省/四平市/铁东区,599,3,136001,active
602,602,梨树县,吉林省/四平市/梨树县,599,3,136500,active
603,603,伊通满族自治县,吉林省/四平市/伊通满族自治县,599,3,130700,active
604,604,双辽市,吉林省/四平市/双辽市,599,3,136400,active
605,605,辽源市,吉林省/辽源市,577,2,136200,active
606,606,龙山区,吉林省/辽源市/龙山区,605,3,136200,active
607,607,西安区,吉林省/辽源市/西安区,605,3,136601,active
608,608,东丰县,吉林省/辽源市/东丰县,605,3,136300,active
609,609,东辽县,吉林省/辽源市/东辽县,605,3,136600,active
610,610,通化市,吉林省/通化市,577,2,134000,active
611,611,东昌区,吉林省/通化市/东昌区,610,3,134001,active
612,612,二道江区,吉林省/通化市/二道江区,610,3,134003,active
614,614,通化县,吉林省/通化市/通化县,610,3,134100,active
615,615,辉南县,吉林省/通化市/辉南县,610,3,135100,active
616,616,柳河县,吉林省/通化市/柳河县,610,3,135300,active
617,617,梅河口市,吉林省/通化市/梅河口市,610,3,135000,active
618,618,集安市,吉林省/通化市/集安市,610,3,134200,active
619,619,白山市,吉林省/白山市,577,2,134300,active
620,620,浑江区,吉林省/白山市/浑江区,619,3,134300,active
621,621,江源区,吉林省/白山市/江源区,619,3,134700,active
622,622,抚松县,吉林省/白山市/抚松县,619,3,134500,active
623,623,靖宇县,吉林省/白山市/靖宇县,619,3,135200,active
624,624,长白朝鲜族自治县,吉林省/白山市/长白朝鲜族自治县,619,3,134400,active
625,625,临江市,吉林省/白山市/临江市,619,3,134600,active
626,626,松原市,吉林省/松原市,577,2,138000,active
627,627,宁江区,吉林省/松原市/宁江区,626,3,138001,active
628,628,前郭尔罗斯蒙古族自治县,吉林省/松原市/前郭尔罗斯蒙古族自治县,626,3,138000,active
629,629,长岭县,吉林省/松原市/长岭县,626,3,131500,active
630,630,乾安县,吉林省/松原市/乾安县,626,3,131400,active
631,631,扶余市,吉林省/松原市/扶余市,626,3,131200,active
632,632,白城市,吉林省/白城市,577,2,137000,active
633,633,洮北区,吉林省/白城市/洮北区,632,3,137000,active
634,634,镇赉县,吉林省/白城市/镇赉县,632,3,137300,active
635,635,通榆县,吉林省/白城市/通榆县,632,3,137200,active
636,636,洮南市,吉林省/白城市/洮南市,632,3,137100,active
637,637,大安市,吉林省/白城市/大安市,632,3,131300,active
638,638,延边朝鲜族自治州,吉林省/延边朝鲜族自治州,577,2,133000,active
639,639,延吉市,吉林省/延边朝鲜族自治州/延吉市,638,3,133000,active
640,640,图们市,吉林省/延边朝鲜族自治州/图们市,638,3,133100,active
641,641,敦化市,吉林省/延边朝鲜族自治州/敦化市,638,3,133700,active
642,642,珲春市,吉林省/延边朝鲜族自治州/珲春市,638,3,133300,active
643,643,龙井市,吉林省/延边朝鲜族自治州/龙井市,638,3,133400,active
644,644,和龙市,吉林省/延边朝鲜族自治州/和龙市,638,3,133500,active
645,645,汪清县,吉林省/延边朝鲜族自治州/汪清县,638,3,133200,active
646,646,安图县,吉林省/延边朝鲜族自治州/安图县,638,3,133600,active
647,647,黑龙江省,黑龙江省,NULL,1,150000,active
648,648,哈尔滨市,黑龙江省/哈尔滨市,647,2,150000,active
649,649,道里区,黑龙江省/哈尔滨市/道里区,648,3,150010,active
650,650,南岗区,黑龙江省/哈尔滨市/南岗区,648,3,150006,active
651,651,道外区,黑龙江省/哈尔滨市/道外区,648,3,150020,active
652,652,平房区,黑龙江省/哈尔滨市/平房区,648,3,150066,active
653,653,松北区,黑龙江省/哈尔滨市/松北区,648,3,150028,active
654,654,香坊区,黑龙江省/哈尔滨市/香坊区,648,3,150036,active
655,655,呼兰区,黑龙江省/哈尔滨市/呼兰区,648,3,150500,active
656,656,阿城区,黑龙江省/哈尔滨市/阿城区,648,3,150300,active
657,657,双城区,黑龙江省/哈尔滨市/双城区,648,3,150100,active
658,658,依兰县,黑龙江省/哈尔滨市/依兰县,648,3,154800,active
659,659,方正县,黑龙江省/哈尔滨市/方正县,648,3,150800,active
660,660,宾县,黑龙江省/哈尔滨市/宾县,648,3,150400,active
661,661,巴彦县,黑龙江省/哈尔滨市/巴彦县,648,3,151800,active
662,662,木兰县,黑龙江省/哈尔滨市/木兰县,648,3,151900,active
663,663,通河县,黑龙江省/哈尔滨市/通河县,648,3,150900,active
664,664,延寿县,黑龙江省/哈尔滨市/延寿县,648,3,150700,active
665,665,尚志市,黑龙江省/哈尔滨市/尚志市,648,3,150600,active
666,666,五常市,黑龙江省/哈尔滨市/五常市,648,3,150200,active
667,667,齐齐哈尔市,黑龙江省/齐齐哈尔市,647,2,161000,active
668,668,龙沙区,黑龙江省/齐齐哈尔市/龙沙区,667,3,161005,active
669,669,建华区,黑龙江省/齐齐哈尔市/建华区,667,3,161006,active
670,670,铁锋区,黑龙江省/齐齐哈尔市/铁锋区,667,3,161002,active
671,671,昂昂溪区,黑龙江省/齐齐哈尔市/昂昂溪区,667,3,161031,active
672,672,富拉尔基区,黑龙江省/齐齐哈尔市/富拉尔基区,667,3,161041,active
673,673,碾子山区,黑龙江省/齐齐哈尔市/碾子山区,667,3,161046,active
674,674,梅里斯达斡尔族区,黑龙江省/齐齐哈尔市/梅里斯达斡尔族区,667,3,161021,active
675,675,龙江县,黑龙江省/齐齐哈尔市/龙江县,667,3,161100,active
676,676,依安县,黑龙江省/齐齐哈尔市/依安县,667,3,161500,active
677,677,泰来县,黑龙江省/齐齐哈尔市/泰来县,667,3,162400,active
678,678,甘南县,黑龙江省/齐齐哈尔市/甘南县,667,3,162100,active
679,679,富裕县,黑龙江省/齐齐哈尔市/富裕县,667,3,161200,active
680,680,克山县,黑龙江省/齐齐哈尔市/克山县,667,3,161600,active
681,681,克东县,黑龙江省/齐齐哈尔市/克东县,667,3,161800,active
682,682,拜泉县,黑龙江省/齐齐哈尔市/拜泉县,667,3,164700,active
683,683,讷河市,黑龙江省/齐齐哈尔市/讷河市,667,3,161300,active
684,684,鸡西市,黑龙江省/鸡西市,647,2,158100,active
685,685,鸡冠区,黑龙江省/鸡西市/鸡冠区,684,3,158100,active
686,686,恒山区,黑龙江省/鸡西市/恒山区,684,3,158130,active
687,687,滴道区,黑龙江省/鸡西市/滴道区,684,3,158150,active
688,688,梨树区,黑龙江省/鸡西市/梨树区,684,3,158160,active
689,689,城子河区,黑龙江省/鸡西市/城子河区,684,3,158170,active
690,690,麻山区,黑龙江省/鸡西市/麻山区,684,3,158180,active
691,691,鸡东县,黑龙江省/鸡西市/鸡东县,684,3,158200,active
692,692,虎林市,黑龙江省/鸡西市/虎林市,684,3,158400,active
693,693,密山市,黑龙江省/鸡西市/密山市,684,3,158300,active
694,694,鹤岗市,黑龙江省/鹤岗市,647,2,154100,active
695,695,向阳区,黑龙江省/鹤岗市/向阳区,694,3,154100,active
696,696,工农区,黑龙江省/鹤岗市/工农区,694,3,154100,active
697,697,南山区,黑龙江省/鹤岗市/南山区,694,3,154100,active
698,698,兴安区,黑龙江省/鹤岗市/兴安区,694,3,154100,active
699,699,东山区,黑龙江省/鹤岗市/东山区,694,3,154100,active
700,700,兴山区,黑龙江省/鹤岗市/兴山区,694,3,154100,active
701,701,萝北县,黑龙江省/鹤岗市/萝北县,694,3,154200,active
702,702,绥滨县,黑龙江省/鹤岗市/绥滨县,694,3,154200,active
703,703,双鸭山市,黑龙江省/双鸭山市,647,2,155100,active
704,704,尖山区,黑龙江省/双鸭山市/尖山区,703,3,155100,active
705,705,岭东区,黑龙江省/双鸭山市/岭东区,703,3,155100,active
706,706,四方台区,黑龙江省/双鸭山市/四方台区,703,3,155100,active
707,707,宝山区,黑龙江省/双鸭山市/宝山区,703,3,155100,active
708,708,集贤县,黑龙江省/双鸭山市/集贤县,703,3,155900,active
709,709,友谊县,黑龙江省/双鸭山市/友谊县,703,3,155800,active
710,710,宝清县,黑龙江省/双鸭山市/宝清县,703,3,155600,active
711,711,饶河县,黑龙江省/双鸭山市/饶河县,703,3,155700,active
712,712,大庆市,黑龙江省/大庆市,647,2,163000,active
713,713,萨尔图区,黑龙江省/大庆市/萨尔图区,712,3,163001,active
714,714,龙凤区,黑龙江省/大庆市/龙凤区,712,3,163000,active
715,715,让胡路区,黑龙江省/大庆市/让胡路区,712,3,163712,active
716,716,红岗区,黑龙江省/大庆市/红岗区,712,3,163000,active
717,717,大同区,黑龙江省/大庆市/大同区,712,3,163500,active
718,718,肇州县,黑龙江省/大庆市/肇州县,712,3,166400,active
719,719,肇源县,黑龙江省/大庆市/肇源县,712,3,166500,active
720,720,林甸县,黑龙江省/大庆市/林甸县,712,3,166300,active
721,721,杜尔伯特蒙古族自治县,黑龙江省/大庆市/杜尔伯特蒙古族自治县,712,3,166200,active
722,722,伊春市,黑龙江省/伊春市,647,2,153000,active
723,723,伊美区,黑龙江省/伊春市/伊美区,722,3,153000,active
724,724,乌翠区,黑龙江省/伊春市/乌翠区,722,3,153000,active
725,725,友好区,黑龙江省/伊春市/友好区,722,3,153000,active
726,726,嘉荫县,黑龙江省/伊春市/嘉荫县,722,3,153200,active
727,727,汤旺县,黑龙江省/伊春市/汤旺县,722,3,153200,active
728,728,丰林县,黑龙江省/伊春市/丰林县,722,3,153000,active
729,729,大箐山县,黑龙江省/伊春市/大箐山县,722,3,153000,active
730,730,南岔县,黑龙江省/伊春市/南岔县,722,3,153100,active
731,731,金林区,黑龙江省/伊春市/金林区,722,3,153000,active
732,732,铁力市,黑龙江省/伊春市/铁力市,722,3,152500,active
733,733,佳木斯市,黑龙江省/佳木斯市,647,2,154000,active
734,734,向阳区,黑龙江省/佳木斯市/向阳区,733,3,154002,active
735,735,前进区,黑龙江省/佳木斯市/前进区,733,3,154002,active
736,736,东风区,黑龙江省/佳木斯市/东风区,733,3,154005,active
737,737,郊区,黑龙江省/佳木斯市/郊区,733,3,154004,active
738,738,桦南县,黑龙江省/佳木斯市/桦南县,733,3,154400,active
739,739,桦川县,黑龙江省/佳木斯市/桦川县,733,3,154300,active
740,740,汤原县,黑龙江省/佳木斯市/汤原县,733,3,154700,active
741,741,抚远市,黑龙江省/佳木斯市/抚远市,733,3,156500,active
742,742,同江市,黑龙江省/佳木斯市/同江市,733,3,156400,active
743,743,富锦市,黑龙江省/佳木斯市/富锦市,733,3,156100,active
744,744,七台河市,黑龙江省/七台河市,647,2,154600,active
745,745,新兴区,黑龙江省/七台河市/新兴区,744,3,154604,active
746,746,桃山区,黑龙江省/七台河市/桃山区,744,3,154600,active
747,747,茄子河区,黑龙江省/七台河市/茄子河区,744,3,154622,active
748,748,勃利县,黑龙江省/七台河市/勃利县,744,3,154500,active
749,749,牡丹江市,黑龙江省/牡丹江市,647,2,157000,active
750,750,东安区,黑龙江省/牡丹江市/东安区,749,3,157000,active
751,751,阳明区,黑龙江省/牡丹江市/阳明区,749,3,157013,active
752,752,爱民区,黑龙江省/牡丹江市/爱民区,749,3,157009,active
753,753,西安区,黑龙江省/牡丹江市/西安区,749,3,157000,active
754,754,林口县,黑龙江省/牡丹江市/林口县,749,3,157600,active
755,755,绥芬河市,黑龙江省/牡丹江市/绥芬河市,749,3,157300,active
756,756,海林市,黑龙江省/牡丹江市/海林市,749,3,157100,active
757,757,宁安市,黑龙江省/牡丹江市/宁安市,749,3,157400,active
758,758,穆棱市,黑龙江省/牡丹江市/穆棱市,749,3,157500,active
759,759,东宁市,黑龙江省/牡丹江市/东宁市,749,3,157200,active
760,760,黑河市,黑龙江省/黑河市,647,2,164300,active
761,761,爱辉区,黑龙江省/黑河市/爱辉区,760,3,164300,active
762,762,逊克县,黑龙江省/黑河市/逊克县,760,3,164400,active
763,763,孙吴县,黑龙江省/黑河市/孙吴县,760,3,164200,active
764,764,北安市,黑龙江省/黑河市/北安市,760,3,164000,active
765,765,五大连池市,黑龙江省/黑河市/五大连池市,760,3,164100,active
766,766,绥化市,黑龙江省/绥化市,647,2,152000,active
767,767,北林区,黑龙江省/绥化市/北林区,766,3,152000,active
768,768,望奎县,黑龙江省/绥化市/望奎县,766,3,152100,active
769,769,兰西县,黑龙江省/绥化市/兰西县,766,3,151500,active
770,770,青冈县,黑龙江省/绥化市/青冈县,766,3,151600,active
771,771,庆安县,黑龙江省/绥化市/庆安县,766,3,152400,active
772,772,明水县,黑龙江省/绥化市/明水县,766,3,151700,active
773,773,绥棱县,黑龙江省/绥化市/绥棱县,766,3,152200,active
774,774,安达市,黑龙江省/绥化市/安达市,766,3,151400,active
775,775,肇东市,黑龙江省/绥化市/肇东市,766,3,151100,active
776,776,海伦市,黑龙江省/绥化市/海伦市,766,3,152300,active
777,777,大兴安岭地区,黑龙江省/大兴安岭地区,647,2,165000,active
778,778,漠河市,黑龙江省/大兴安岭地区/漠河市,777,3,165300,active
779,779,呼玛县,黑龙江省/大兴安岭地区/呼玛县,777,3,165100,active
780,780,塔河县,黑龙江省/大兴安岭地区/塔河县,777,3,165200,active
781,781,加格达奇区,黑龙江省/大兴安岭地区/加格达奇区,777,3,165000,active
782,782,松岭区,黑龙江省/大兴安岭地区/松岭区,777,3,165000,active
783,783,新林区,黑龙江省/大兴安岭地区/新林区,777,3,165000,active
784,784,呼中区,黑龙江省/大兴安岭地区/呼中区,777,3,165000,active
785,785,上海市,上海市,NULL,1,200000,active
786,786,市辖区,上海市/市辖区,785,2,200000,active
787,787,黄浦区,上海市/市辖区/黄浦区,786,3,200001,active
788,788,徐汇区,上海市/市辖区/徐汇区,786,3,200030,active
789,789,长宁区,上海市/市辖区/长宁区,786,3,200050,active
790,790,静安区,上海市/市辖区/静安区,786,3,200040,active
791,791,普陀区,上海市/市辖区/普陀区,786,3,200333,active
792,792,虹口区,上海市/市辖区/虹口区,786,3,200080,active
793,793,杨浦区,上海市/市辖区/杨浦区,786,3,200082,active
794,794,闵行区,上海市/市辖区/闵行区,786,3,201100,active
795,795,宝山区,上海市/市辖区/宝山区,786,3,201900,active
796,796,嘉定区,上海市/市辖区/嘉定区,786,3,201800,active
797,797,浦东新区,上海市/市辖区/浦东新区,786,3,200120,active
798,798,金山区,上海市/市辖区/金山区,786,3,201540,active
799,799,松江区,上海市/市辖区/松江区,786,3,201600,active
800,800,青浦区,上海市/市辖区/青浦区,786,3,201700,active
801,801,奉贤区,上海市/市辖区/奉贤区,786,3,201400,active
802,802,崇明区,上海市/市辖区/崇明区,786,3,202150,active
803,803,江苏省,江苏省,NULL,1,210000,active
804,804,南京市,江苏省/南京市,803,2,210000,active
805,805,玄武区,江苏省/南京市/玄武区,804,3,210018,active
806,806,秦淮区,江苏省/南京市/秦淮区,804,3,210001,active
807,807,建邺区,江苏省/南京市/建邺区,804,3,210019,active
808,808,鼓楼区,江苏省/南京市/鼓楼区,804,3,210009,active
809,809,浦口区,江苏省/南京市/浦口区,804,3,211800,active
810,810,栖霞区,江苏省/南京市/栖霞区,804,3,210046,active
811,811,雨花台区,江苏省/南京市/雨花台区,804,3,210012,active
812,812,江宁区,江苏省/南京市/江宁区,804,3,211100,active
813,813,六合区,江苏省/南京市/六合区,804,3,211500,active
814,814,溧水区,江苏省/南京市/溧水区,804,3,211200,active
815,815,高淳区,江苏省/南京市/高淳区,804,3,211300,active
816,816,无锡市,江苏省/无锡市,803,2,214000,active
817,817,锡山区,江苏省/无锡市/锡山区,816,3,214101,active
818,818,惠山区,江苏省/无锡市/惠山区,816,3,214177,active
819,819,滨湖区,江苏省/无锡市/滨湖区,816,3,214062,active
820,820,梁溪区,江苏省/无锡市/梁溪区,816,3,214001,active
821,821,新吴区,江苏省/无锡市/新吴区,816,3,214028,active
822,822,江阴市,江苏省/无锡市/江阴市,816,3,214400,active
823,823,宜兴市,江苏省/无锡市/宜兴市,816,3,214200,active
824,824,徐州市,江苏省/徐州市,803,2,221000,active
825,825,鼓楼区,江苏省/徐州市/鼓楼区,824,3,221005,active
826,826,云龙区,江苏省/徐州市/云龙区,824,3,221009,active
827,827,贾汪区,江苏省/徐州市/贾汪区,824,3,221011,active
828,828,泉山区,江苏省/徐州市/泉山区,824,3,221150,active
829,829,铜山区,江苏省/徐州市/铜山区,824,3,221100,active
830,830,丰县,江苏省/徐州市/丰县,824,3,221700,active
831,831,沛县,江苏省/徐州市/沛县,824,3,221600,active
832,832,睢宁县,江苏省/徐州市/睢宁县,824,3,221200,active
833,833,新沂市,江苏省/徐州市/新沂市,824,3,221400,active
834,834,邳州市,江苏省/徐州市/邳州市,824,3,221300,active
835,835,常州市,江苏省/常州市,803,2,213000,active
836,836,天宁区,江苏省/常州市/天宁区,835,3,213003,active
837,837,钟楼区,江苏省/常州市/钟楼区,835,3,213002,active
838,838,新北区,江苏省/常州市/新北区,835,3,213001,active
839,839,武进区,江苏省/常州市/武进区,835,3,213100,active
840,840,金坛区,江苏省/常州市/金坛区,835,3,213200,active
841,841,溧阳市,江苏省/常州市/溧阳市,835,3,213300,active
842,842,苏州市,江苏省/苏州市,803,2,215000,active
843,843,虎丘区,江苏省/苏州市/虎丘区,842,3,215011,active
844,844,吴中区,江苏省/苏州市/吴中区,842,3,215128,active
845,845,相城区,江苏省/苏州市/相城区,842,3,215131,active
846,846,姑苏区,江苏省/苏州市/姑苏区,842,3,215001,active
847,847,吴江区,江苏省/苏州市/吴江区,842,3,215200,active
848,848,苏州工业园区,江苏省/苏州市/苏州工业园区,842,3,215028,active
849,849,常熟市,江苏省/苏州市/常熟市,842,3,215500,active
850,850,张家港市,江苏省/苏州市/张家港市,842,3,215600,active
851,851,昆山市,江苏省/苏州市/昆山市,842,3,215300,active
852,852,太仓市,江苏省/苏州市/太仓市,842,3,215400,active
853,853,南通市,江苏省/南通市,803,2,226000,active
854,854,崇川区,江苏省/南通市/崇川区,853,3,226001,active
855,855,港闸区,江苏省/南通市/港闸区,853,3,226001,active
856,856,通州区,江苏省/南通市/通州区,853,3,226300,active
857,857,海安市,江苏省/南通市/海安市,853,3,226600,active
858,858,如东县,江苏省/南通市/如东县,853,3,226400,active
859,859,启东市,江苏省/南通市/启东市,853,3,226200,active
860,860,如皋市,江苏省/南通市/如皋市,853,3,226500,active
861,861,海门市,江苏省/南通市/海门市,853,3,226100,active
862,862,连云港市,江苏省/连云港市,803,2,222000,active
863,863,连云区,江苏省/连云港市/连云区,862,3,222042,active
864,864,海州区,江苏省/连云港市/海州区,862,3,222003,active
865,865,赣榆区,江苏省/连云港市/赣榆区,862,3,222100,active
866,866,东海县,江苏省/连云港市/东海县,862,3,222300,active
867,867,灌云县,江苏省/连云港市/灌云县,862,3,222200,active
868,868,灌南县,江苏省/连云港市/灌南县,862,3,223500,active
869,869,淮安市,江苏省/淮安市,803,2,223000,active
870,870,淮安区,江苏省/淮安市/淮安区,869,3,223200,active
871,871,淮阴区,江苏省/淮安市/淮阴区,869,3,223300,active
872,872,清江浦区,江苏省/淮安市/清江浦区,869,3,223001,active
873,873,洪泽区,江苏省/淮安市/洪泽区,869,3,223100,active
874,874,涟水县,江苏省/淮安市/涟水县,869,3,223400,active
875,875,盱眙县,江苏省/淮安市/盱眙县,869,3,211700,active
876,876,金湖县,江苏省/淮安市/金湖县,869,3,211600,active
877,877,盐城市,江苏省/盐城市,803,2,224000,active
878,878,亭湖区,江苏省/盐城市/亭湖区,877,3,224005,active
879,879,盐南区,江苏省/盐城市/盐南区,877,3,224001,active
880,880,大丰区,江苏省/盐城市/大丰区,877,3,224100,active
881,881,响水县,江苏省/盐城市/响水县,877,3,224600,active
882,882,滨海县,江苏省/盐城市/滨海县,877,3,224500,active
883,883,阜宁县,江苏省/盐城市/阜宁县,877,3,224400,active
884,884,射阳县,江苏省/盐城市/射阳县,877,3,224300,active
885,885,建湖县,江苏省/盐城市/建湖县,877,3,224700,active
886,886,东台市,江苏省/盐城市/东台市,877,3,224200,active
887,887,扬州市,江苏省/扬州市,803,2,225000,active
888,888,广陵区,江苏省/扬州市/广陵区,887,3,225001,active
889,889,邗江区,江苏省/扬州市/邗江区,887,3,225100,active
890,890,江都区,江苏省/扬州市/江都区,887,3,225200,active
891,891,宝应县,江苏省/扬州市/宝应县,887,3,225800,active
892,892,仪征市,江苏省/扬州市/仪征市,887,3,211400,active
893,893,高邮市,江苏省/扬州市/高邮市,887,3,225600,active
894,894,镇江市,江苏省/镇江市,803,2,212000,active
895,895,京口区,江苏省/镇江市/京口区,894,3,212001,active
896,896,润州区,江苏省/镇江市/润州区,894,3,212004,active
897,897,丹徒区,江苏省/镇江市/丹徒区,894,3,212100,active
898,898,丹阳市,江苏省/镇江市/丹阳市,894,3,212300,active
899,899,扬中市,江苏省/镇江市/扬中市,894,3,212200,active
900,900,句容市,江苏省/镇江市/句容市,894,3,212400,active
901,901,泰州市,江苏省/泰州市,803,2,225300,active
902,902,海陵区,江苏省/泰州市/海陵区,901,3,225300,active
903,903,高港区,江苏省/泰州市/高港区,901,3,225300,active
904,904,姜堰区,江苏省/泰州市/姜堰区,901,3,225500,active
905,905,兴化市,江苏省/泰州市/兴化市,901,3,225700,active
906,906,靖江市,江苏省/泰州市/靖江市,901,3,214500,active
907,907,泰兴市,江苏省/泰州市/泰兴市,901,3,225400,active
908,908,宿迁市,江苏省/宿迁市,803,2,223800,active
909,909,宿城区,江苏省/宿迁市/宿城区,908,3,223800,active
910,910,宿豫区,江苏省/宿迁市/宿豫区,908,3,223800,active
911,911,沭阳县,江苏省/宿迁市/沭阳县,908,3,223600,active
912,912,泗阳县,江苏省/宿迁市/泗阳县,908,3,223700,active
913,913,泗洪县,江苏省/宿迁市/泗洪县,908,3,223900,active
914,914,浙江省,浙江省,NULL,1,310000,active
915,915,杭州市,浙江省/杭州市,914,2,310000,active
916,916,上城区,浙江省/杭州市/上城区,915,3,310002,active
917,917,拱墅区,浙江省/杭州市/拱墅区,915,3,310005,active
918,918,西湖区,浙江省/杭州市/西湖区,915,3,310007,active
919,919,滨江区,浙江省/杭州市/滨江区,915,3,310051,active
920,920,萧山区,浙江省/杭州市/萧山区,915,3,311200,active
921,921,余杭区,浙江省/杭州市/余杭区,915,3,311100,active
922,922,临平区,浙江省/杭州市/临平区,915,3,311100,active
923,923,钱塘区,浙江省/杭州市/钱塘区,915,3,310018,active
924,924,富阳区,浙江省/杭州市/富阳区,915,3,311400,active
925,925,临安区,浙江省/杭州市/临安区,915,3,311500,active
926,926,桐庐县,浙江省/杭州市/桐庐县,915,3,311500,active
927,927,淳安县,浙江省/杭州市/淳安县,915,3,311700,active
928,928,建德市,浙江省/杭州市/建德市,915,3,311600,active
929,929,宁波市,浙江省/宁波市,914,2,315000,active
930,930,海曙区,浙江省/宁波市/海曙区,929,3,315000,active
931,931,江北区,浙江省/宁波市/江北区,929,3,315020,active
932,932,北仑区,浙江省/宁波市/北仑区,929,3,315800,active
933,933,镇海区,浙江省/宁波市/镇海区,929,3,315200,active
934,934,鄞州区,浙江省/宁波市/鄞州区,929,3,315100,active
935,935,奉化区,浙江省/宁波市/奉化区,929,3,315500,active
936,936,象山县,浙江省/宁波市/象山县,929,3,315700,active
937,937,宁海县,浙江省/宁波市/宁海县,929,3,315600,active
938,938,余姚市,浙江省/宁波市/余姚市,929,3,315400,active
939,939,慈溪市,浙江省/宁波市/慈溪市,929,3,315300,active
940,940,温州市,浙江省/温州市,914,2,325000,active
941,941,鹿城区,浙江省/温州市/鹿城区,940,3,325001,active
942,942,龙湾区,浙江省/温州市/龙湾区,940,3,325013,active
943,943,瓯海区,浙江省/温州市/瓯海区,940,3,325005,active
944,944,洞头区,浙江省/温州市/洞头区,940,3,325700,active
945,945,永嘉县,浙江省/温州市/永嘉县,940,3,325100,active
946,946,平阳县,浙江省/温州市/平阳县,940,3,325400,active
947,947,苍南县,浙江省/温州市/苍南县,940,3,325800,active
948,948,文成县,浙江省/温州市/文成县,940,3,325300,active
949,949,泰顺县,浙江省/温州市/泰顺县,940,3,325500,active
950,950,瑞安市,浙江省/温州市/瑞安市,940,3,325200,active
951,951,乐清市,浙江省/温州市/乐清市,940,3,325600,active
952,952,龙港市,浙江省/温州市/龙港市,940,3,325802,active
953,953,嘉兴市,浙江省/嘉兴市,914,2,314000,active
954,954,南湖区,浙江省/嘉兴市/南湖区,953,3,314001,active
955,955,秀洲区,浙江省/嘉兴市/秀洲区,953,3,314001,active
956,956,嘉善县,浙江省/嘉兴市/嘉善县,953,3,314100,active
957,957,海盐县,浙江省/嘉兴市/海盐县,953,3,314300,active
958,958,海宁市,浙江省/嘉兴市/海宁市,953,3,314400,active
959,959,平湖市,浙江省/嘉兴市/平湖市,953,3,314200,active
960,960,桐乡市,浙江省/嘉兴市/桐乡市,953,3,314500,active
961,961,湖州市,浙江省/湖州市,914,2,313000,active
962,962,吴兴区,浙江省/湖州市/吴兴区,961,3,313000,active
963,963,南浔区,浙江省/湖州市/南浔区,961,3,313000,active
964,964,德清县,浙江省/湖州市/德清县,961,3,313200,active
965,965,长兴县,浙江省/湖州市/长兴县,961,3,313100,active
966,966,安吉县,浙江省/湖州市/安吉县,961,3,313300,active
967,967,绍兴市,浙江省/绍兴市,914,2,312000,active
968,968,越城区,浙江省/绍兴市/越城区,967,3,312000,active
969,969,柯桥区,浙江省/绍兴市/柯桥区,967,3,312030,active
970,970,上虞区,浙江省/绍兴市/上虞区,967,3,312300,active
971,971,新昌县,浙江省/绍兴市/新昌县,967,3,312500,active
972,972,诸暨市,浙江省/绍兴市/诸暨市,967,3,311800,active
973,973,嵊州市,浙江省/绍兴市/嵊州市,967,3,312400,active
974,974,金华市,浙江省/金华市,914,2,321000,active
975,975,婺城区,浙江省/金华市/婺城区,974,3,321001,active
976,976,金东区,浙江省/金华市/金东区,974,3,321000,active
977,977,武义县,浙江省/金华市/武义县,974,3,321200,active
978,978,浦江县,浙江省/金华市/浦江县,974,3,322200,active
979,979,磐安县,浙江省/金华市/磐安县,974,3,322300,active
980,980,兰溪市,浙江省/金华市/兰溪市,974,3,321100,active
981,981,义乌市,浙江省/金华市/义乌市,974,3,322000,active
982,982,东阳市,浙江省/金华市/东阳市,974,3,322100,active
983,983,永康市,浙江省/金华市/永康市,974,3,321300,active
984,984,衢州市,浙江省/衢州市,914,2,324000,active
985,985,柯城区,浙江省/衢州市/柯城区,984,3,324000,active
986,986,衢江区,浙江省/衢州市/衢江区,984,3,324000,active
987,987,常山县,浙江省/衢州市/常山县,984,3,324200,active
988,988,开化县,浙江省/衢州市/开化县,984,3,324300,active
989,989,龙游县,浙江省/衢州市/龙游县,984,3,324400,active
990,990,江山市,浙江省/衢州市/江山市,984,3,324100,active
991,991,舟山市,浙江省/舟山市,914,2,316000,active
992,992,定海区,浙江省/舟山市/定海区,991,3,316000,active
993,993,普陀区,浙江省/舟山市/普陀区,991,3,316100,active
994,994,岱山县,浙江省/舟山市/岱山县,991,3,316200,active
995,995,嵊泗县,浙江省/舟山市/嵊泗县,991,3,202450,active
996,996,台州市,浙江省/台州市,914,2,318000,active
997,997,椒江区,浙江省/台州市/椒江区,996,3,318000,active
998,998,黄岩区,浙江省/台州市/黄岩区,996,3,318020,active
999,999,路桥区,浙江省/台州市/路桥区,996,3,318050,active
1000,1000,三门县,浙江省/台州市/三门县,996,3,317100,active
1001,1001,天台县,浙江省/台州市/天台县,996,3,317200,active
1002,1002,仙居县,浙江省/台州市/仙居县,996,3,317300,active
1005,1005,温岭市,浙江省/台州市/温岭市,996,3,317500,active
1006,1006,临海市,浙江省/台州市/临海市,996,3,317000,active
1007,1007,玉环市,浙江省/台州市/玉环市,996,3,317600,active
1008,1008,丽水市,浙江省/丽水市,914,2,323000,active
1009,1009,莲都区,浙江省/丽水市/莲都区,1008,3,323000,active
1010,1010,青田县,浙江省/丽水市/青田县,1008,3,323900,active
1011,1011,缙云县,浙江省/丽水市/缙云县,1008,3,321400,active
1012,1012,遂昌县,浙江省/丽水市/遂昌县,1008,3,323300,active
1013,1013,松阳县,浙江省/丽水市/松阳县,1008,3,323400,active
1014,1014,云和县,浙江省/丽水市/云和县,1008,3,323600,active
1015,1015,庆元县,浙江省/丽水市/庆元县,1008,3,323800,active
1016,1016,景宁畲族自治县,浙江省/丽水市/景宁畲族自治县,1008,3,323500,active
1017,1017,龙泉市,浙江省/丽水市/龙泉市,1008,3,323700,active
1018,1018,安徽省,安徽省,NULL,1,230000,active
1019,1019,合肥市,安徽省/合肥市,1018,2,230000,active
1020,1020,瑶海区,安徽省/合肥市/瑶海区,1019,3,230011,active
1021,1021,庐阳区,安徽省/合肥市/庐阳区,1019,3,230001,active
1022,1022,蜀山区,安徽省/合肥市/蜀山区,1019,3,230031,active
1023,1023,包河区,安徽省/合肥市/包河区,1019,3,230041,active
1024,1024,肥东县,安徽省/合肥市/肥东县,1019,3,231600,active
1025,1025,肥西县,安徽省/合肥市/肥西县,1019,3,231200,active
1026,1026,庐江县,安徽省/合肥市/庐江县,1019,3,231500,active
1027,1027,巢湖市,安徽省/合肥市/巢湖市,1019,3,238000,active
1028,1028,芜湖市,安徽省/芜湖市,1018,2,241000,active
1029,1029,镜湖区,安徽省/芜湖市/镜湖区,1028,3,241000,active
1030,1030,弋江区,安徽省/芜湖市/弋江区,1028,3,241000,active
1031,1031,鸠江区,安徽省/芜湖市/鸠江区,1028,3,241000,active
1032,1032,三山区,安徽省/芜湖市/三山区,1028,3,241000,active
1033,1033,芜湖县,安徽省/芜湖市/芜湖县,1028,3,241100,active
1034,1034,繁昌县,安徽省/芜湖市/繁昌县,1028,3,241200,active
1035,1035,南陵县,安徽省/芜湖市/南陵县,1028,3,242400,active
1036,1036,无为市,安徽省/芜湖市/无为市,1028,3,238300,active
1037,1037,蚌埠市,安徽省/蚌埠市,1018,2,233000,active
1038,1038,龙子湖区,安徽省/蚌埠市/龙子湖区,1037,3,233000,active
1039,1039,蚌山区,安徽省/蚌埠市/蚌山区,1037,3,233000,active
1040,1040,禹会区,安徽省/蚌埠市/禹会区,1037,3,233000,active
1041,1041,淮上区,安徽省/蚌埠市/淮上区,1037,3,233000,active
1042,1042,怀远县,安徽省/蚌埠市/怀远县,1037,3,233400,active
1043,1043,五河县,安徽省/蚌埠市/五河县,1037,3,233300,active
1044,1044,固镇县,安徽省/蚌埠市/固镇县,1037,3,233700,active
1045,1045,淮南市,安徽省/淮南市,1018,2,232000,active
1046,1046,大通区,安徽省/淮南市/大通区,1045,3,232033,active
1047,1047,田家庵区,安徽省/淮南市/田家庵区,1045,3,232001,active
1048,1048,谢家集区,安徽省/淮南市/谢家集区,1045,3,232052,active
1049,1049,八公山区,安徽省/淮南市/八公山区,1045,3,232072,active
1050,1050,潘集区,安徽省/淮南市/潘集区,1045,3,232082,active
1051,1051,凤台县,安徽省/淮南市/凤台县,1045,3,232100,active
1052,1052,寿县,安徽省/淮南市/寿县,1045,3,232200,active
1053,1053,马鞍山市,安徽省/马鞍山市,1018,2,243000,active
1054,1054,花山区,安徽省/马鞍山市/花山区,1053,3,243000,active
1055,1055,雨山区,安徽省/马鞍山市/雨山区,1053,3,243000,active
1056,1056,博望区,安徽省/马鞍山市/博望区,1053,3,243000,active
1057,1057,当涂县,安徽省/马鞍山市/当涂县,1053,3,243100,active
1058,1058,含山县,安徽省/马鞍山市/含山县,1053,3,238100,active
1059,1059,和县,安徽省/马鞍山市/和县,1053,3,238200,active
1060,1060,淮北市,安徽省/淮北市,1018,2,235000,active
1061,1061,杜集区,安徽省/淮北市/杜集区,1060,3,235029,active
1062,1062,相山区,安徽省/淮北市/相山区,1060,3,235000,active
1063,1063,烈山区,安徽省/淮北市/烈山区,1060,3,235000,active
1064,1064,濉溪县,安徽省/淮北市/濉溪县,1060,3,235100,active
1065,1065,铜陵市,安徽省/铜陵市,1018,2,244000,active
1066,1066,铜官区,安徽省/铜陵市/铜官区,1065,3,244000,active
1067,1067,义安区,安徽省/铜陵市/义安区,1065,3,244100,active
1068,1068,郊区,安徽省/铜陵市/郊区,1065,3,244000,active
1069,1069,枞阳县,安徽省/铜陵市/枞阳县,1065,3,246700,active
1070,1070,安庆市,安徽省/安庆市,1018,2,246000,active
1071,1071,迎江区,安徽省/安庆市/迎江区,1070,3,246001,active
1072,1072,大观区,安徽省/安庆市/大观区,1070,3,246004,active
1073,1073,宜秀区,安徽省/安庆市/宜秀区,1070,3,246003,active
1074,1074,怀宁县,安徽省/安庆市/怀宁县,1070,3,246100,active
1075,1075,太湖县,安徽省/安庆市/太湖县,1070,3,246400,active
1076,1076,宿松县,安徽省/安庆市/宿松县,1070,3,246500,active
1077,1077,望江县,安徽省/安庆市/望江县,1070,3,246200,active
1078,1078,岳西县,安徽省/安庆市/岳西县,1070,3,246600,active
1079,1079,桐城市,安徽省/安庆市/桐城市,1070,3,231400,active
1080,1080,潜山市,安徽省/安庆市/潜山市,1070,3,246300,active
1081,1081,黄山市,安徽省/黄山市,1018,2,245000,active
1082,1082,屯溪区,安徽省/黄山市/屯溪区,1081,3,245000,active
1083,1083,黄山区,安徽省/黄山市/黄山区,1081,3,245700,active
1084,1084,徽州区,安徽省/黄山市/徽州区,1081,3,245061,active
1085,1085,歙县,安徽省/黄山市/歙县,1081,3,245200,active
1086,1086,休宁县,安徽省/黄山市/休宁县,1081,3,245400,active
1087,1087,黟县,安徽省/黄山市/黟县,1081,3,245500,active
1088,1088,祁门县,安徽省/黄山市/祁门县,1081,3,245600,active
1089,1089,滁州市,安徽省/滁州市,1018,2,239000,active
1090,1090,琅琊区,安徽省/滁州市/琅琊区,1089,3,239000,active
1091,1091,南谯区,安徽省/滁州市/南谯区,1089,3,239000,active
1092,1092,来安县,安徽省/滁州市/来安县,1089,3,239200,active
1093,1093,全椒县,安徽省/滁州市/全椒县,1089,3,239500,active
1094,1094,定远县,安徽省/滁州市/定远县,1089,3,233200,active
1095,1095,凤阳县,安徽省/滁州市/凤阳县,1089,3,233100,active
1096,1096,天长市,安徽省/滁州市/天长市,1089,3,239300,active
1097,1097,明光市,安徽省/滁州市/明光市,1089,3,239400,active
1098,1098,阜阳市,安徽省/阜阳市,1018,2,236000,active
1099,1099,颍州区,安徽省/阜阳市/颍州区,1098,3,236001,active
1100,1100,颍东区,安徽省/阜阳市/颍东区,1098,3,236058,active
1101,1101,颍泉区,安徽省/阜阳市/颍泉区,1098,3,236000,active
1102,1102,临泉县,安徽省/阜阳市/临泉县,1098,3,236400,active
1103,1103,太和县,安徽省/阜阳市/太和县,1098,3,236600,active
1104,1104,阜南县,安徽省/阜阳市/阜南县,1098,3,236300,active
1105,1105,颍上县,安徽省/阜阳市/颍上县,1098,3,236200,active
1106,1106,界首市,安徽省/阜阳市/界首市,1098,3,236500,active
1107,1107,宿州市,安徽省/宿州市,1018,2,234000,active
1108,1108,埇桥区,安徽省/宿州市/埇桥区,1107,3,234000,active
1109,1109,砀山县,安徽省/宿州市/砀山县,1107,3,235300,active
1110,1110,萧县,安徽省/宿州市/萧县,1107,3,235200,active
1111,1111,灵璧县,安徽省/宿州市/灵璧县,1107,3,234200,active
1112,1112,泗县,安徽省/宿州市/泗县,1107,3,234300,active
1113,1113,六安市,安徽省/六安市,1018,2,237000,active
1114,1114,金安区,安徽省/六安市/金安区,1113,3,237000,active
1115,1115,裕安区,安徽省/六安市/裕安区,1113,3,237100,active
1116,1116,叶集区,安徽省/六安市/叶集区,1113,3,237431,active
1117,1117,霍邱县,安徽省/六安市/霍邱县,1113,3,237400,active
1118,1118,舒城县,安徽省/六安市/舒城县,1113,3,231300,active
1119,1119,金寨县,安徽省/六安市/金寨县,1113,3,237300,active
1120,1120,霍山县,安徽省/六安市/霍山县,1113,3,237200,active
1121,1121,亳州市,安徽省/亳州市,1018,2,236000,active
1122,1122,谯城区,安徽省/亳州市/谯城区,1121,3,236800,active
1123,1123,涡阳县,安徽省/亳州市/涡阳县,1121,3,233600,active
1124,1124,蒙城县,安徽省/亳州市/蒙城县,1121,3,233500,active
1125,1125,利辛县,安徽省/亳州市/利辛县,1121,3,236700,active
1126,1126,池州市,安徽省/池州市,1018,2,247100,active
1127,1127,贵池区,安徽省/池州市/贵池区,1126,3,247100,active
1128,1128,东至县,安徽省/池州市/东至县,1126,3,247200,active
1129,1129,石台县,安徽省/池州市/石台县,1126,3,245100,active
1130,1130,青阳县,安徽省/池州市/青阳县,1126,3,242800,active
1131,1131,宣城市,安徽省/宣城市,1018,2,242000,active
1132,1132,宣州区,安徽省/宣城市/宣州区,1131,3,242000,active
1133,1133,郎溪县,安徽省/宣城市/郎溪县,1131,3,242100,active
1134,1134,泾县,安徽省/宣城市/泾县,1131,3,242500,active
1135,1135,绩溪县,安徽省/宣城市/绩溪县,1131,3,245300,active
1136,1136,旌德县,安徽省/宣城市/旌德县,1131,3,242600,active
1137,1137,宁国市,安徽省/宣城市/宁国市,1131,3,242300,active
1138,1138,广德市,安徽省/宣城市/广德市,1131,3,242200,active
1139,1139,福建省,福建省,NULL,1,350000,active
1140,1140,福州市,福建省/福州市,1139,2,350000,active
1141,1141,鼓楼区,福建省/福州市/鼓楼区,1140,3,350001,active
1142,1142,台江区,福建省/福州市/台江区,1140,3,350004,active
1143,1143,仓山区,福建省/福州市/仓山区,1140,3,350007,active
1144,1144,马尾区,福建省/福州市/马尾区,1140,3,350015,active
1145,1145,晋安区,福建省/福州市/晋安区,1140,3,350011,active
1146,1146,长乐区,福建省/福州市/长乐区,1140,3,350200,active
1147,1147,闽侯县,福建省/福州市/闽侯县,1140,3,350100,active
1148,1148,连江县,福建省/福州市/连江县,1140,3,350500,active
1149,1149,罗源县,福建省/福州市/罗源县,1140,3,350600,active
1150,1150,闽清县,福建省/福州市/闽清县,1140,3,350800,active
1151,1151,永泰县,福建省/福州市/永泰县,1140,3,350700,active
1152,1152,平潭县,福建省/福州市/平潭县,1140,3,350400,active
1153,1153,福清市,福建省/福州市/福清市,1140,3,350300,active
1154,1154,厦门市,福建省/厦门市,1139,2,361000,active
1155,1155,思明区,福建省/厦门市/思明区,1154,3,361001,active
1156,1156,海沧区,福建省/厦门市/海沧区,1154,3,361026,active
1157,1157,湖里区,福建省/厦门市/湖里区,1154,3,361006,active
1158,1158,集美区,福建省/厦门市/集美区,1154,3,361021,active
1159,1159,同安区,福建省/厦门市/同安区,1154,3,361100,active
1160,1160,翔安区,福建省/厦门市/翔安区,1154,3,361101,active
1161,1161,莆田市,福建省/莆田市,1139,2,351100,active
1162,1162,城厢区,福建省/莆田市/城厢区,1161,3,351100,active
1163,1163,涵江区,福建省/莆田市/涵江区,1161,3,351111,active
1164,1164,荔城区,福建省/莆田市/荔城区,1161,3,351100,active
1165,1165,秀屿区,福建省/莆田市/秀屿区,1161,3,351152,active
1166,1166,仙游县,福建省/莆田市/仙游县,1161,3,351200,active
1167,1167,三明市,福建省/三明市,1139,2,365000,active
1168,1168,三元区,福建省/三明市/三元区,1167,3,365001,active
1169,1169,沙县区,福建省/三明市/沙县区,1167,3,365500,active
1170,1170,明溪县,福建省/三明市/明溪县,1167,3,365200,active
1171,1171,清流县,福建省/三明市/清流县,1167,3,365300,active
1172,1172,宁化县,福建省/三明市/宁化县,1167,3,365400,active
1173,1173,大田县,福建省/三明市/大田县,1167,3,366100,active
1174,1174,尤溪县,福建省/三明市/尤溪县,1167,3,365100,active
1175,1175,将乐县,福建省/三明市/将乐县,1167,3,353300,active
1176,1176,泰宁县,福建省/三明市/泰宁县,1167,3,354400,active
1177,1177,建宁县,福建省/三明市/建宁县,1167,3,354500,active
1178,1178,永安市,福建省/三明市/永安市,1167,3,366000,active
1179,1179,泉州市,福建省/泉州市,1139,2,362000,active
1180,1180,鲤城区,福建省/泉州市/鲤城区,1179,3,362000,active
1181,1181,丰泽区,福建省/泉州市/丰泽区,1179,3,362000,active
1182,1182,洛江区,福建省/泉州市/洛江区,1179,3,362000,active
1183,1183,泉港区,福建省/泉州市/泉港区,1179,3,362100,active
1184,1184,惠安县,福建省/泉州市/惠安县,1179,3,362100,active
1185,1185,安溪县,福建省/泉州市/安溪县,1179,3,362400,active
1186,1186,永春县,福建省/泉州市/永春县,1179,3,362600,active
1187,1187,德化县,福建省/泉州市/德化县,1179,3,362500,active
1188,1188,金门县,福建省/泉州市/金门县,1179,3,210000,active
1189,1189,石狮市,福建省/泉州市/石狮市,1179,3,362700,active
1190,1190,晋江市,福建省/泉州市/晋江市,1179,3,362200,active
1191,1191,南安市,福建省/泉州市/南安市,1179,3,362300,active
1192,1192,漳州市,福建省/漳州市,1139,2,363000,active
1193,1193,芗城区,福建省/漳州市/芗城区,1192,3,363000,active
1194,1194,龙文区,福建省/漳州市/龙文区,1192,3,363005,active
1195,1195,龙海区,福建省/漳州市/龙海区,1192,3,363100,active
1196,1196,长泰区,福建省/漳州市/长泰区,1192,3,363900,active
1197,1197,云霄县,福建省/漳州市/云霄县,1192,3,363300,active
1198,1198,漳浦县,福建省/漳州市/漳浦县,1192,3,363200,active
1199,1199,诏安县,福建省/漳州市/诏安县,1192,3,363500,active
1200,1200,东山岛,福建省/漳州市/东山岛,1192,3,363400,active
1201,1201,南靖县,福建省/漳州市/南靖县,1192,3,363600,active
1202,1202,平和县,福建省/漳州市/平和县,1192,3,363700,active
1203,1203,华安县,福建省/漳州市/华安县,1192,3,363800,active
1204,1204,龙岩市,福建省/龙岩市,1139,2,364000,active
1205,1205,新罗区,福建省/龙岩市/新罗区,1204,3,364000,active
1206,1206,永定区,福建省/龙岩市/永定区,1204,3,364100,active
1207,1207,长汀县,福建省/龙岩市/长汀县,1204,3,366300,active
1208,1208,上杭县,福建省/龙岩市/上杭县,1204,3,364200,active
1209,1209,武平县,福建省/龙岩市/武平县,1204,3,364300,active
1210,1210,连城县,福建省/龙岩市/连城县,1204,3,366200,active
1211,1211,漳平市,福建省/龙岩市/漳平市,1204,3,364400,active
1212,1212,宁德市,福建省/宁德市,1139,2,352000,active
1213,1213,蕉城区,福建省/宁德市/蕉城区,1212,3,352100,active
1214,1214,霞浦县,福建省/宁德市/霞浦县,1212,3,355100,active
1215,1215,古田县,福建省/宁德市/古田县,1212,3,352200,active
1216,1216,屏南县,福建省/宁德市/屏南县,1212,3,352300,active
1217,1217,寿宁县,福建省/宁德市/寿宁县,1212,3,355500,active
1218,1218,周宁县,福建省/宁德市/周宁县,1212,3,355400,active
1219,1219,柘荣县,福建省/宁德市/柘荣县,1212,3,355300,active
1220,1220,福安市,福建省/宁德市/福安市,1212,3,355000,active
1221,1221,福鼎市,福建省/宁德市/福鼎市,1212,3,355200,active
1222,1222,江西省,江西省,NULL,1,330000,active
1223,1223,南昌市,江西省/南昌市,1222,2,330000,active
1224,1224,东湖区,江西省/南昌市/东湖区,1223,3,330006,active
1225,1225,西湖区,江西省/南昌市/西湖区,1223,3,330009,active
1226,1226,青云谱区,江西省/南昌市/青云谱区,1223,3,330001,active
1227,1227,青山湖区,江西省/南昌市/青山湖区,1223,3,330029,active
1228,1228,新建区,江西省/南昌市/新建区,1223,3,330100,active
1229,1229,红谷滩区,江西省/南昌市/红谷滩区,1223,3,330038,active
1230,1230,南昌县,江西省/南昌市/南昌县,1223,3,330200,active
1231,1231,安义县,江西省/南昌市/安义县,1223,3,330500,active
1232,1232,进贤县,江西省/南昌市/进贤县,1223,3,331700,active
1233,1233,景德镇市,江西省/景德镇市,1222,2,333000,active
1234,1234,昌江区,江西省/景德镇市/昌江区,1233,3,333000,active
1235,1235,珠山区,江西省/景德镇市/珠山区,1233,3,333000,active
1236,1236,浮梁县,江西省/景德镇市/浮梁县,1233,3,333400,active
1237,1237,乐平市,江西省/景德镇市/乐平市,1233,3,333300,active
1238,1238,萍乡市,江西省/萍乡市,1222,2,337000,active
1239,1239,安源区,江西省/萍乡市/安源区,1238,3,337000,active
1240,1240,湘东区,江西省/萍乡市/湘东区,1238,3,337016,active
1241,1241,莲花县,江西省/萍乡市/莲花县,1238,3,337100,active
1242,1242,上栗县,江西省/萍乡市/上栗县,1238,3,337009,active
1243,1243,芦溪县,江西省/萍乡市/芦溪县,1238,3,337200,active
1244,1244,九江市,江西省/九江市,1222,2,332000,active
1245,1245,濂溪区,江西省/九江市/濂溪区,1244,3,332005,active
1246,1246,浔阳区,江西省/九江市/浔阳区,1244,3,332000,active
1247,1247,柴桑区,江西省/九江市/柴桑区,1244,3,332100,active
1248,1248,武宁县,江西省/九江市/武宁县,1244,3,332300,active
1249,1249,修水县,江西省/九江市/修水县,1244,3,332400,active
1250,1250,永修县,江西省/九江市/永修县,1244,3,330300,active
1251,1251,德安县,江西省/九江市/德安县,1244,3,330400,active
1252,1252,都昌县,江西省/九江市/都昌县,1244,3,332600,active
1253,1253,湖口县,江西省/九江市/湖口县,1244,3,332500,active
1254,1254,彭泽县,江西省/九江市/彭泽县,1244,3,332700,active
1255,1255,瑞昌市,江西省/九江市/瑞昌市,1244,3,332200,active
1256,1256,共青城市,江西省/九江市/共青城市,1244,3,332020,active
1257,1257,庐山市,江西省/九江市/庐山市,1244,3,332800,active
1258,1258,新余市,江西省/新余市,1222,2,338000,active
1259,1259,渝水区,江西省/新余市/渝水区,1258,3,338000,active
1260,1260,分宜县,江西省/新余市/分宜县,1258,3,336600,active
1261,1261,鹰潭市,江西省/鹰潭市,1222,2,335000,active
1262,1262,月湖区,江西省/鹰潭市/月湖区,1261,3,335000,active
1263,1263,余江区,江西省/鹰潭市/余江区,1261,3,335200,active
1264,1264,贵溪市,江西省/鹰潭市/贵溪市,1261,3,335400,active
1265,1265,赣州市,江西省/赣州市,1222,2,341000,active
1266,1266,章贡区,江西省/赣州市/章贡区,1265,3,341000,active
1267,1267,南康区,江西省/赣州市/南康区,1265,3,341400,active
1268,1268,赣县区,江西省/赣州市/赣县区,1265,3,341100,active
1269,1269,信丰县,江西省/赣州市/信丰县,1265,3,341600,active
1270,1270,大余县,江西省/赣州市/大余县,1265,3,341500,active
1271,1271,上犹县,江西省/赣州市/上犹县,1265,3,341200,active
1272,1272,崇义县,江西省/赣州市/崇义县,1265,3,341300,active
1273,1273,安远县,江西省/赣州市/安远县,1265,3,342100,active
1274,1274,龙南市,江西省/赣州市/龙南市,1265,3,341700,active
1275,1275,定南县,江西省/赣州市/定南县,1265,3,341900,active
1276,1276,全南县,江西省/赣州市/全南县,1265,3,341800,active
1277,1277,宁都县,江西省/赣州市/宁都县,1265,3,342800,active
1278,1278,于都县,江西省/赣州市/于都县,1265,3,342300,active
1279,1279,兴国县,江西省/赣州市/兴国县,1265,3,342400,active
1280,1280,会昌县,江西省/赣州市/会昌县,1265,3,342600,active
1281,1281,寻乌县,江西省/赣州市/寻乌县,1265,3,342200,active
1282,1282,石城县,江西省/赣州市/石城县,1265,3,342700,active
1283,1283,瑞金市,江西省/赣州市/瑞金市,1265,3,342500,active
1284,1284,吉安市,江西省/吉安市,1222,2,343000,active
1285,1285,吉州区,江西省/吉安市/吉州区,1284,3,343000,active
1286,1286,青原区,江西省/吉安市/青原区,1284,3,343000,active
1287,1287,吉安县,江西省/吉安市/吉安县,1284,3,343100,active
1288,1288,吉水县,江西省/吉安市/吉水县,1284,3,343600,active
1289,1289,峡江县,江西省/吉安市/峡江县,1284,3,331400,active
1290,1290,新干县,江西省/吉安市/新干县,1284,3,331300,active
1291,1291,永丰县,江西省/吉安市/永丰县,1284,3,331500,active
1292,1292,泰和县,江西省/吉安市/泰和县,1284,3,343700,active
1293,1293,遂川县,江西省/吉安市/遂川县,1284,3,343900,active
1294,1294,万安县,江西省/吉安市/万安县,1284,3,343800,active
1295,1295,安福县,江西省/吉安市/安福县,1284,3,343200,active
1296,1296,永新县,江西省/吉安市/永新县,1284,3,343400,active
1297,1297,井冈山市,江西省/吉安市/井冈山市,1284,3,343600,active
1298,1298,宜春市,江西省/宜春市,1222,2,336000,active
1299,1299,袁州区,江西省/宜春市/袁州区,1298,3,336000,active
1300,1300,奉新县,江西省/宜春市/奉新县,1298,3,330700,active
1301,1301,万载县,江西省/宜春市/万载县,1298,3,336100,active
1302,1302,上高县,江西省/宜春市/上高县,1298,3,336400,active
1303,1303,宜丰县,江西省/宜春市/宜丰县,1298,3,336300,active
1304,1304,靖安县,江西省/宜春市/靖安县,1298,3,330600,active
1305,1305,铜鼓县,江西省/宜春市/铜鼓县,1298,3,336200,active
1306,1306,丰城市,江西省/宜春市/丰城市,1298,3,331100,active
1307,1307,樟树市,江西省/宜春市/樟树市,1298,3,331200,active
1308,1308,高安市,江西省/宜春市/高安市,1298,3,330800,active
1309,1309,抚州市,江西省/抚州市,1222,2,344000,active
1310,1310,临川区,江西省/抚州市/临川区,1309,3,344000,active
1311,1311,东乡区,江西省/抚州市/东乡区,1309,3,331800,active
1312,1312,南城县,江西省/抚州市/南城县,1309,3,344700,active
1313,1313,黎川县,江西省/抚州市/黎川县,1309,3,344600,active
1314,1314,南丰县,江西省/抚州市/南丰县,1309,3,344500,active
1315,1315,崇仁县,江西省/抚州市/崇仁县,1309,3,344200,active
1316,1316,乐安县,江西省/抚州市/乐安县,1309,3,344300,active
1317,1317,宜黄县,江西省/抚州市/宜黄县,1309,3,344400,active
1318,1318,金溪县,江西省/抚州市/金溪县,1309,3,344800,active
1319,1319,资溪县,江西省/抚州市/资溪县,1309,3,335300,active
1320,1320,广昌县,江西省/抚州市/广昌县,1309,3,344900,active
1321,1321,上饶市,江西省/上饶市,1222,2,334000,active
1322,1322,信州区,江西省/上饶市/信州区,1321,3,334000,active
1323,1323,广丰区,江西省/上饶市/广丰区,1321,3,334600,active
1324,1324,广信区,江西省/上饶市/广信区,1321,3,334100,active
1325,1325,玉山县,江西省/上饶市/玉山县,1321,3,334700,active
1326,1326,铅山县,江西省/上饶市/铅山县,1321,3,334500,active
1327,1327,横峰县,江西省/上饶市/横峰县,1321,3,334300,active
1328,1328,弋阳县,江西省/上饶市/弋阳县,1321,3,334400,active
1329,1329,余干县,江西省/上饶市/余干县,1321,3,335100,active
1330,1330,鄱阳县,江西省/上饶市/鄱阳县,1321,3,333100,active
1331,1331,万年县,江西省/上饶市/万年县,1321,3,335500,active
1332,1332,婺源县,江西省/上饶市/婺源县,1321,3,333200,active
1333,1333,德兴市,江西省/上饶市/德兴市,1321,3,334200,active
1334,1334,山东省,山东省,NULL,1,250000,active
1335,1335,济南市,山东省/济南市,1334,2,250000,active
1336,1336,历下区,山东省/济南市/历下区,1335,3,250013,active
1337,1337,市中区,山东省/济南市/市中区,1335,3,250001,active
1338,1338,槐荫区,山东省/济南市/槐荫区,1335,3,250021,active
1339,1339,天桥区,山东省/济南市/天桥区,1335,3,250031,active
1340,1340,历城区,山东省/济南市/历城区,1335,3,250100,active
1341,1341,长清区,山东省/济南市/长清区,1335,3,250300,active
1342,1342,章丘区,山东省/济南市/章丘区,1335,3,250200,active
1343,1343,济阳区,山东省/济南市/济阳区,1335,3,251400,active
1344,1344,莱芜区,山东省/济南市/莱芜区,1335,3,271100,active
1345,1345,钢城区,山东省/济南市/钢城区,1335,3,271100,active
1346,1346,平阴县,山东省/济南市/平阴县,1335,3,250400,active
1347,1347,商河县,山东省/济南市/商河县,1335,3,251600,active
1348,1348,青岛市,山东省/青岛市,1334,2,266000,active
1349,1349,市南区,山东省/青岛市/市南区,1348,3,266001,active
1350,1350,市北区,山东省/青岛市/市北区,1348,3,266011,active
1351,1351,黄岛区,山东省/青岛市/黄岛区,1348,3,266555,active
1352,1352,崂山区,山东省/青岛市/崂山区,1348,3,266100,active
1353,1353,李沧区,山东省/青岛市/李沧区,1348,3,266021,active
1354,1354,城阳区,山东省/青岛市/城阳区,1348,3,266109,active
1355,1355,即墨区,山东省/青岛市/即墨区,1348,3,266200,active
1356,1356,胶州市,山东省/青岛市/胶州市,1348,3,266300,active
1357,1357,平度市,山东省/青岛市/平度市,1348,3,266700,active
1358,1358,莱西市,山东省/青岛市/莱西市,1348,3,266600,active
1359,1359,淄博市,山东省/淄博市,1334,2,255000,active
1360,1360,淄川区,山东省/淄博市/淄川区,1359,3,255100,active
1361,1361,张店区,山东省/淄博市/张店区,1359,3,255022,active
1362,1362,博山区,山东省/淄博市/博山区,1359,3,255200,active
1363,1363,临淄区,山东省/淄博市/临淄区,1359,3,255400,active
1364,1364,周村区,山东省/淄博市/周村区,1359,3,255300,active
1365,1365,桓台县,山东省/淄博市/桓台县,1359,3,256400,active
1366,1366,高青县,山东省/淄博市/高青县,1359,3,256300,active
1367,1367,沂源县,山东省/淄博市/沂源县,1359,3,256100,active
1368,1368,枣庄市,山东省/枣庄市,1334,2,277000,active
1369,1369,市中区,山东省/枣庄市/市中区,1368,3,277101,active
1370,1370,薛城区,山东省/枣庄市/薛城区,1368,3,277000,active
1371,1371,峄城区,山东省/枣庄市/峄城区,1368,3,277300,active
1372,1372,台儿庄区,山东省/枣庄市/台儿庄区,1368,3,277400,active
1373,1373,山亭区,山东省/枣庄市/山亭区,1368,3,277200,active
1374,1374,滕州市,山东省/枣庄市/滕州市,1368,3,277500,active
1375,1375,东营市,山东省/东营市,1334,2,257000,active
1376,1376,东营区,山东省/东营市/东营区,1375,3,257001,active
1377,1377,河口区,山东省/东营市/河口区,1375,3,257200,active
1378,1378,垦利区,山东省/东营市/垦利区,1375,3,257500,active
1379,1379,利津县,山东省/东营市/利津县,1375,3,257400,active
1380,1380,广饶县,山东省/东营市/广饶县,1375,3,257300,active
1381,1381,烟台市,山东省/烟台市,1334,2,264000,active
1382,1382,芝罘区,山东省/烟台市/芝罘区,1381,3,264001,active
1383,1383,福山区,山东省/烟台市/福山区,1381,3,265500,active
1384,1384,牟平区,山东省/烟台市/牟平区,1381,3,264100,active
1385,1385,莱山区,山东省/烟台市/莱山区,1381,3,264600,active
1386,1386,蓬莱区,山东省/烟台市/蓬莱区,1381,3,265600,active
1387,1387,烟台经济技术开发区,山东省/烟台市/烟台经济技术开发区,1381,3,264000,active
1388,1388,海阳市,山东省/烟台市/海阳市,1381,3,265100,active
1389,1389,莱阳市,山东省/烟台市/莱阳市,1381,3,265200,active
1390,1390,栖霞市,山东省/烟台市/栖霞市,1381,3,265300,active
1391,1391,招远市,山东省/烟台市/招远市,1381,3,265400,active
1392,1392,龙口市,山东省/烟台市/龙口市,1381,3,265700,active
1393,1393,潍坊市,山东省/潍坊市,1334,2,261000,active
1394,1394,潍城区,山东省/潍坊市/潍城区,1393,3,261021,active
1395,1395,寒亭区,山东省/潍坊市/寒亭区,1393,3,261100,active
1396,1396,坊子区,山东省/潍坊市/坊子区,1393,3,261200,active
1397,1397,奎文区,山东省/潍坊市/奎文区,1393,3,261031,active
1398,1398,临朐县,山东省/潍坊市/临朐县,1393,3,262600,active
1399,1399,昌乐县,山东省/潍坊市/昌乐县,1393,3,262400,active
1400,1400,青州市,山东省/潍坊市/青州市,1393,3,262500,active
1401,1401,诸城市,山东省/潍坊市/诸城市,1393,3,262200,active
1402,1402,寿光市,山东省/潍坊市/寿光市,1393,3,262700,active
1403,1403,安丘市,山东省/潍坊市/安丘市,1393,3,262100,active
1404,1404,高密市,山东省/潍坊市/高密市,1393,3,261500,active
1405,1405,昌邑市,山东省/潍坊市/昌邑市,1393,3,261300,active
1406,1406,济宁市,山东省/济宁市,1334,2,272000,active
1407,1407,任城区,山东省/济宁市/任城区,1406,3,272000,active
1408,1408,兖州区,山东省/济宁市/兖州区,1406,3,272100,active
1409,1409,微山县,山东省/济宁市/微山县,1406,3,277600,active
1410,1410,鱼台县,山东省/济宁市/鱼台县,1406,3,272300,active
1411,1411,金乡县,山东省/济宁市/金乡县,1406,3,272200,active
1412,1412,嘉祥县,山东省/济宁市/嘉祥县,1406,3,272400,active
1413,1413,汶上县,山东省/济宁市/汶上县,1406,3,272501,active
1414,1414,泗水县,山东省/济宁市/泗水县,1406,3,273200,active
1415,1415,梁山县,山东省/济宁市/梁山县,1406,3,272600,active
1416,1416,曲阜市,山东省/济宁市/曲阜市,1406,3,273100,active
1417,1417,邹城市,山东省/济宁市/邹城市,1406,3,273500,active
1418,1418,泰安市,山东省/泰安市,1334,2,271000,active
1419,1419,泰山区,山东省/泰安市/泰山区,1418,3,271000,active
1420,1420,岱岳区,山东省/泰安市/岱岳区,1418,3,271000,active
1421,1421,宁阳县,山东省/泰安市/宁阳县,1418,3,271400,active
1422,1422,东平县,山东省/泰安市/东平县,1418,3,271500,active
1423,1423,新泰市,山东省/泰安市/新泰市,1418,3,271200,active
1424,1424,肥城市,山东省/泰安市/肥城市,1418,3,271600,active
1425,1425,威海市,山东省/威海市,1334,2,264200,active
1426,1426,环翠区,山东省/威海市/环翠区,1425,3,264200,active
1427,1427,文登区,山东省/威海市/文登区,1425,3,264400,active
1428,1428,威海经济技术开发区,山东省/威海市/威海经济技术开发区,1425,3,264200,active
1429,1429,威海火炬高技术产业开发区,山东省/威海市/威海火炬高技术产业开发区,1425,3,264200,active
1430,1430,荣成市,山东省/威海市/荣成市,1425,3,264300,active
1431,1431,乳山市,山东省/威海市/乳山市,1425,3,264500,active
1432,1432,日照市,山东省/日照市,1334,2,276800,active
1433,1433,东港区,山东省/日照市/东港区,1432,3,276800,active
1434,1434,岚山区,山东省/日照市/岚山区,1432,3,276808,active
1435,1435,五莲县,山东省/日照市/五莲县,1432,3,272300,active
1436,1436,莒县,山东省/日照市/莒县,1432,3,276500,active
1437,1437,临沂市,山东省/临沂市,1334,2,276000,active
1438,1438,兰山区,山东省/临沂市/兰山区,1437,3,276001,active
1439,1439,罗庄区,山东省/临沂市/罗庄区,1437,3,276022,active
1440,1440,河东区,山东省/临沂市/河东区,1437,3,276034,active
1441,1441,沂南县,山东省/临沂市/沂南县,1437,3,276300,active
1442,1442,郯城县,山东省/临沂市/郯城县,1437,3,276100,active
1443,1443,沂水县,山东省/临沂市/沂水县,1437,3,276400,active
1444,1444,兰陵县,山东省/临沂市/兰陵县,1437,3,277700,active
1445,1445,费县,山东省/临沂市/费县,1437,3,273400,active
1446,1446,平邑县,山东省/临沂市/平邑县,1437,3,273300,active
1447,1447,莒南县,山东省/临沂市/莒南县,1437,3,276600,active
1448,1448,蒙阴县,山东省/临沂市/蒙阴县,1437,3,276200,active
1449,1449,临沭县,山东省/临沂市/临沭县,1437,3,276700,active
1450,1450,德州市,山东省/德州市,1334,2,253000,active
1451,1451,德城区,山东省/德州市/德城区,1450,3,253001,active
1452,1452,陵城区,山东省/德州市/陵城区,1450,3,253500,active
1454,1454,宁津县,山东省/德州市/宁津县,1450,3,253500,active
1455,1455,庆云县,山东省/德州市/庆云县,1450,3,253700,active
1456,1456,临邑县,山东省/德州市/临邑县,1450,3,251500,active
1457,1457,齐河县,山东省/德州市/齐河县,1450,3,251100,active
1458,1458,平原县,山东省/德州市/平原县,1450,3,253100,active
1459,1459,夏津县,山东省/德州市/夏津县,1450,3,253200,active
1460,1460,武城县,山东省/德州市/武城县,1450,3,253300,active
1461,1461,乐陵市,山东省/德州市/乐陵市,1450,3,253600,active
1462,1462,禹城市,山东省/德州市/禹城市,1450,3,251200,active
1463,1463,聊城市,山东省/聊城市,1334,2,252000,active
1464,1464,东昌府区,山东省/聊城市/东昌府区,1463,3,252000,active
1465,1465,茌平区,山东省/聊城市/茌平区,1463,3,252100,active
1466,1466,阳谷县,山东省/聊城市/阳谷县,1463,3,252300,active
1467,1467,莘县,山东省/聊城市/莘县,1463,3,252400,active
1468,1468,东阿县,山东省/聊城市/东阿县,1463,3,252200,active
1469,1469,冠县,山东省/聊城市/冠县,1463,3,252500,active
1470,1470,高唐县,山东省/聊城市/高唐县,1463,3,252800,active
1471,1471,临清市,山东省/聊城市/临清市,1463,3,252600,active
1472,1472,滨州市,山东省/滨州市,1334,2,256600,active
1473,1473,滨城区,山东省/滨州市/滨城区,1472,3,256600,active
1474,1474,沾化区,山东省/滨州市/沾化区,1472,3,256800,active
1475,1475,惠民县,山东省/滨州市/惠民县,1472,3,251700,active
1476,1476,阳信县,山东省/滨州市/阳信县,1472,3,251800,active
1477,1477,无棣县,山东省/滨州市/无棣县,1472,3,251900,active
1478,1478,博兴县,山东省/滨州市/博兴县,1472,3,256500,active
1479,1479,邹平市,山东省/滨州市/邹平市,1472,3,256200,active
1480,1480,菏泽市,山东省/菏泽市,1334,2,274000,active
1481,1481,牡丹区,山东省/菏泽市/牡丹区,1480,3,274000,active
1482,1482,定陶区,山东省/菏泽市/定陶区,1480,3,274100,active
1483,1483,曹县,山东省/菏泽市/曹县,1480,3,274400,active
1484,1484,单县,山东省/菏泽市/单县,1480,3,274300,active
1485,1485,成武县,山东省/菏泽市/成武县,1480,3,274200,active
1486,1486,巨野县,山东省/菏泽市/巨野县,1480,3,274900,active
1487,1487,郓城县,山东省/菏泽市/郓城县,1480,3,274700,active
1488,1488,鄄城县,山东省/菏泽市/鄄城县,1480,3,274600,active
1489,1489,东明县,山东省/菏泽市/东明县,1480,3,274500,active
1490,1490,河南省,河南省,NULL,1,450000,active
1491,1491,郑州市,河南省/郑州市,1490,2,450000,active
1492,1492,中原区,河南省/郑州市/中原区,1491,3,450007,active
1493,1493,二七区,河南省/郑州市/二七区,1491,3,450000,active
1494,1494,管城回族区,河南省/郑州市/管城回族区,1491,3,450000,active
1495,1495,金水区,河南省/郑州市/金水区,1491,3,450003,active
1496,1496,上街区,河南省/郑州市/上街区,1491,3,450041,active
1497,1497,惠济区,河南省/郑州市/惠济区,1491,3,450053,active
1498,1498,中牟县,河南省/郑州市/中牟县,1491,3,451450,active
1499,1499,巩义市,河南省/郑州市/巩义市,1491,3,451200,active
1500,1500,荥阳市,河南省/郑州市/荥阳市,1491,3,450100,active
1501,1501,新密市,河南省/郑州市/新密市,1491,3,452370,active
1502,1502,新郑市,河南省/郑州市/新郑市,1491,3,451150,active
1503,1503,登封市,河南省/郑州市/登封市,1491,3,452470,active
1504,1504,开封市,河南省/开封市,1490,2,475000,active
1505,1505,龙亭区,河南省/开封市/龙亭区,1504,3,475001,active
1506,1506,顺河回族区,河南省/开封市/顺河回族区,1504,3,475000,active
1507,1507,鼓楼区,河南省/开封市/鼓楼区,1504,3,475000,active
1508,1508,禹王台区,河南省/开封市/禹王台区,1504,3,475003,active
1509,1509,祥符区,河南省/开封市/祥符区,1504,3,475100,active
1510,1510,杞县,河南省/开封市/杞县,1504,3,475200,active
1511,1511,通许县,河南省/开封市/通许县,1504,3,475400,active
1512,1512,尉氏县,河南省/开封市/尉氏县,1504,3,475500,active
1513,1513,兰考县,河南省/开封市/兰考县,1504,3,475300,active
1514,1514,洛阳市,河南省/洛阳市,1490,2,471000,active
1515,1515,老城区,河南省/洛阳市/老城区,1514,3,471001,active
1516,1516,西工区,河南省/洛阳市/西工区,1514,3,471000,active
1517,1517,瀍河回族区,河南省/洛阳市/瀍河回族区,1514,3,471002,active
1518,1518,涧西区,河南省/洛阳市/涧西区,1514,3,471003,active
1519,1519,吉利区,河南省/洛阳市/吉利区,1514,3,471012,active
1520,1520,洛龙区,河南省/洛阳市/洛龙区,1514,3,471000,active
1521,1521,孟津区,河南省/洛阳市/孟津区,1514,3,471100,active
1522,1522,新安县,河南省/洛阳市/新安县,1514,3,471800,active
1523,1523,栾川县,河南省/洛阳市/栾川县,1514,3,471500,active
1524,1524,嵩县,河南省/洛阳市/嵩县,1514,3,471400,active
1525,1525,汝阳县,河南省/洛阳市/汝阳县,1514,3,471200,active
1526,1526,宜阳县,河南省/洛阳市/宜阳县,1514,3,471600,active
1527,1527,洛宁县,河南省/洛阳市/洛宁县,1514,3,471700,active
1528,1528,伊川县,河南省/洛阳市/伊川县,1514,3,471300,active
1529,1529,偃师区,河南省/洛阳市/偃师区,1514,3,471900,active
1530,1530,平顶山市,河南省/平顶山市,1490,2,467000,active
1531,1531,新华区,河南省/平顶山市/新华区,1530,3,467001,active
1532,1532,卫东区,河南省/平顶山市/卫东区,1530,3,467021,active
1533,1533,石龙区,河南省/平顶山市/石龙区,1530,3,467260,active
1534,1534,湛河区,河南省/平顶山市/湛河区,1530,3,467001,active
1535,1535,宝丰县,河南省/平顶山市/宝丰县,1530,3,467400,active
1536,1536,叶县,河南省/平顶山市/叶县,1530,3,467200,active
1537,1537,鲁山县,河南省/平顶山市/鲁山县,1530,3,467300,active
1538,1538,郏县,河南省/平顶山市/郏县,1530,3,467150,active
1539,1539,舞钢市,河南省/平顶山市/舞钢市,1530,3,462500,active
1540,1540,汝州市,河南省/平顶山市/汝州市,1530,3,467500,active
1541,1541,安阳市,河南省/安阳市,1490,2,455000,active
1542,1542,文峰区,河南省/安阳市/文峰区,1541,3,455000,active
1543,1543,北关区,河南省/安阳市/北关区,1541,3,455001,active
1544,1544,殷都区,河南省/安阳市/殷都区,1541,3,455004,active
1545,1545,龙安区,河南省/安阳市/龙安区,1541,3,455001,active
1546,1546,安阳县,河南省/安阳市/安阳县,1541,3,455100,active
1547,1547,汤阴县,河南省/安阳市/汤阴县,1541,3,456150,active
1548,1548,滑县,河南省/安阳市/滑县,1541,3,456400,active
1549,1549,内黄县,河南省/安阳市/内黄县,1541,3,456350,active
1550,1550,林州市,河南省/安阳市/林州市,1541,3,456550,active
1551,1551,鹤壁市,河南省/鹤壁市,1490,2,458000,active
1552,1552,鹤山区,河南省/鹤壁市/鹤山区,1551,3,458010,active
1553,1553,山城区,河南省/鹤壁市/山城区,1551,3,458001,active
1554,1554,淇滨区,河南省/鹤壁市/淇滨区,1551,3,458000,active
1555,1555,浚县,河南省/鹤壁市/浚县,1551,3,456250,active
1556,1556,淇县,河南省/鹤壁市/淇县,1551,3,456750,active
1557,1557,新乡市,河南省/新乡市,1490,2,453000,active
1558,1558,红旗区,河南省/新乡市/红旗区,1557,3,453000,active
1559,1559,卫滨区,河南省/新乡市/卫滨区,1557,3,453000,active
1560,1560,凤泉区,河南省/新乡市/凤泉区,1557,3,453011,active
1561,1561,牧野区,河南省/新乡市/牧野区,1557,3,453002,active
1562,1562,新乡县,河南省/新乡市/新乡县,1557,3,453700,active
1563,1563,获嘉县,河南省/新乡市/获嘉县,1557,3,453800,active
1564,1564,原阳县,河南省/新乡市/原阳县,1557,3,453500,active
1565,1565,延津县,河南省/新乡市/延津县,1557,3,453200,active
1566,1566,封丘县,河南省/新乡市/封丘县,1557,3,453300,active
1567,1567,长垣市,河南省/新乡市/长垣市,1557,3,453400,active
1568,1568,卫辉市,河南省/新乡市/卫辉市,1557,3,453100,active
1569,1569,辉县市,河南省/新乡市/辉县市,1557,3,453600,active
1570,1570,焦作市,河南省/焦作市,1490,2,454000,active
1571,1571,解放区,河南省/焦作市/解放区,1570,3,454000,active
1572,1572,中站区,河南省/焦作市/中站区,1570,3,454001,active
1573,1573,马村区,河南省/焦作市/马村区,1570,3,454000,active
1574,1574,山阳区,河南省/焦作市/山阳区,1570,3,454002,active
1575,1575,修武县,河南省/焦作市/修武县,1570,3,454350,active
1576,1576,博爱县,河南省/焦作市/博爱县,1570,3,454450,active
1577,1577,武陟县,河南省/焦作市/武陟县,1570,3,454950,active
1578,1578,温县,河南省/焦作市/温县,1570,3,454850,active
1579,1579,沁阳市,河南省/焦作市/沁阳市,1570,3,454550,active
1580,1580,孟州市,河南省/焦作市/孟州市,1570,3,454750,active
1581,1581,濮阳市,河南省/濮阳市,1490,2,457000,active
1582,1582,华龙区,河南省/濮阳市/华龙区,1581,3,457001,active
1583,1583,清丰县,河南省/濮阳市/清丰县,1581,3,457300,active
1584,1584,南乐县,河南省/濮阳市/南乐县,1581,3,457400,active
1585,1585,范县,河南省/濮阳市/范县,1581,3,457500,active
1586,1586,台前县,河南省/濮阳市/台前县,1581,3,457600,active
1587,1587,濮阳县,河南省/濮阳市/濮阳县,1581,3,457100,active
1588,1588,许昌市,河南省/许昌市,1490,2,461000,active
1589,1589,魏都区,河南省/许昌市/魏都区,1588,3,461000,active
1590,1590,建安区,河南省/许昌市/建安区,1588,3,461100,active
1591,1591,鄢陵县,河南省/许昌市/鄢陵县,1588,3,461200,active
1592,1592,襄城县,河南省/许昌市/襄城县,1588,3,461700,active
1593,1593,禹州市,河南省/许昌市/禹州市,1588,3,461670,active
1594,1594,长葛市,河南省/许昌市/长葛市,1588,3,461500,active
1595,1595,漯河市,河南省/漯河市,1490,2,462000,active
1596,1596,源汇区,河南省/漯河市/源汇区,1595,3,462000,active
1597,1597,郾城区,河南省/漯河市/郾城区,1595,3,462300,active
1598,1598,召陵区,河南省/漯河市/召陵区,1595,3,462300,active
1599,1599,舞阳县,河南省/漯河市/舞阳县,1595,3,462400,active
1600,1600,临颍县,河南省/漯河市/临颍县,1595,3,462600,active
1601,1601,三门峡市,河南省/三门峡市,1490,2,472000,active
1602,1602,湖滨区,河南省/三门峡市/湖滨区,1601,3,472000,active
1603,1603,陕州区,河南省/三门峡市/陕州区,1601,3,472100,active
1604,1604,渑池县,河南省/三门峡市/渑池县,1601,3,472400,active
1605,1605,卢氏县,河南省/三门峡市/卢氏县,1601,3,472200,active
1606,1606,义马市,河南省/三门峡市/义马市,1601,3,472300,active
1607,1607,灵宝市,河南省/三门峡市/灵宝市,1601,3,472500,active
1608,1608,南阳市,河南省/南阳市,1490,2,473000,active
1609,1609,宛城区,河南省/南阳市/宛城区,1608,3,473001,active
1610,1610,卧龙区,河南省/南阳市/卧龙区,1608,3,473003,active
1611,1611,南召县,河南省/南阳市/南召县,1608,3,474650,active
1612,1612,方城县,河南省/南阳市/方城县,1608,3,473200,active
1613,1613,西峡县,河南省/南阳市/西峡县,1608,3,474550,active
1614,1614,镇平县,河南省/南阳市/镇平县,1608,3,474250,active
1615,1615,内乡县,河南省/南阳市/内乡县,1608,3,474350,active
1616,1616,淅川县,河南省/南阳市/淅川县,1608,3,474450,active
1617,1617,社旗县,河南省/南阳市/社旗县,1608,3,473300,active
1618,1618,唐河县,河南省/南阳市/唐河县,1608,3,473400,active
1619,1619,新野县,河南省/南阳市/新野县,1608,3,473500,active
1620,1620,桐柏县,河南省/南阳市/桐柏县,1608,3,474750,active
1621,1621,邓州市,河南省/南阳市/邓州市,1608,3,474150,active
1622,1622,商丘市,河南省/商丘市,1490,2,476000,active
1623,1623,梁园区,河南省/商丘市/梁园区,1622,3,476000,active
1624,1624,�阳区,河南省/商丘市/�阳区,1622,3,476100,active
1625,1625,民权县,河南省/商丘市/民权县,1622,3,476800,active
1626,1626,睢县,河南省/商丘市/睢县,1622,3,476900,active
1627,1627,宁陵县,河南省/商丘市/宁陵县,1622,3,476700,active
1628,1628,柘城县,河南省/商丘市/柘城县,1622,3,476200,active
1629,1629,虞城县,河南省/商丘市/虞城县,1622,3,476300,active
1630,1630,夏邑县,河南省/商丘市/夏邑县,1622,3,476400,active
1631,1631,永城市,河南省/商丘市/永城市,1622,3,476600,active
1632,1632,信阳市,河南省/信阳市,1490,2,464000,active
1633,1633,浉河区,河南省/信阳市/浉河区,1632,3,464000,active
1634,1634,平桥区,河南省/信阳市/平桥区,1632,3,464100,active
1635,1635,罗山县,河南省/信阳市/罗山县,1632,3,464200,active
1636,1636,光山县,河南省/信阳市/光山县,1632,3,465450,active
1637,1637,新县,河南省/信阳市/新县,1632,3,465550,active
1638,1638,商城县,河南省/信阳市/商城县,1632,3,465350,active
1639,1639,固始县,河南省/信阳市/固始县,1632,3,465250,active
1640,1640,潢川县,河南省/信阳市/潢川县,1632,3,465150,active
1641,1641,淮滨县,河南省/信阳市/淮滨县,1632,3,464400,active
1642,1642,息县,河南省/信阳市/息县,1632,3,464300,active
1643,1643,周口市,河南省/周口市,1490,2,466000,active
1644,1644,川汇区,河南省/周口市/川汇区,1643,3,466000,active
1645,1645,淮阳区,河南省/周口市/淮阳区,1643,3,466700,active
1646,1646,扶沟县,河南省/周口市/扶沟县,1643,3,461300,active
1647,1647,西华县,河南省/周口市/西华县,1643,3,466600,active
1648,1648,商水县,河南省/周口市/商水县,1643,3,466100,active
1649,1649,沈丘县,河南省/周口市/沈丘县,1643,3,466300,active
1650,1650,鄢陵县,河南省/周口市/鄢陵县,1643,3,461200,active
1651,1651,鹿邑县,河南省/周口市/鹿邑县,1643,3,477200,active
1652,1652,太康县,河南省/周口市/太康县,1643,3,475400,active
1653,1653,项城市,河南省/周口市/项城市,1643,3,466200,active
1654,1654,驻马店市,河南省/驻马店市,1490,2,463000,active
1655,1655,驿城区,河南省/驻马店市/驿城区,1654,3,463000,active
1656,1656,西平县,河南省/驻马店市/西平县,1654,3,463900,active
1657,1657,上蔡县,河南省/驻马店市/上蔡县,1654,3,463800,active
1658,1658,平舆县,河南省/驻马店市/平舆县,1654,3,463400,active
1659,1659,正阳县,河南省/驻马店市/正阳县,1654,3,463600,active
1660,1660,确山县,河南省/驻马店市/确山县,1654,3,463200,active
1661,1661,泌阳县,河南省/驻马店市/泌阳县,1654,3,463700,active
1662,1662,汝南县,河南省/驻马店市/汝南县,1654,3,463300,active
1663,1663,遂平县,河南省/驻马店市/遂平县,1654,3,463100,active
1664,1664,新蔡县,河南省/驻马店市/新蔡县,1654,3,463500,active
1665,1665,济源市,河南省/济源市,1490,2,459000,active
1666,1666,济源市,河南省/济源市/济源市,1665,3,459000,active
1667,1667,湖北省,湖北省,NULL,1,430000,active
1668,1668,武汉市,湖北省/武汉市,1667,2,430000,active
1669,1669,江岸区,湖北省/武汉市/江岸区,1668,3,430014,active
1670,1670,江汉区,湖北省/武汉市/江汉区,1668,3,430021,active
1671,1671,硚口区,湖北省/武汉市/硚口区,1668,3,430033,active
1672,1672,汉阳区,湖北省/武汉市/汉阳区,1668,3,430050,active
1673,1673,武昌区,湖北省/武汉市/武昌区,1668,3,430061,active
1674,1674,青山区,湖北省/武汉市/青山区,1668,3,430080,active
1675,1675,洪山区,湖北省/武汉市/洪山区,1668,3,430070,active
1676,1676,东西湖区,湖北省/武汉市/东西湖区,1668,3,430040,active
1677,1677,汉南区,湖北省/武汉市/汉南区,1668,3,430090,active
1678,1678,蔡甸区,湖北省/武汉市/蔡甸区,1668,3,430100,active
1679,1679,江夏区,湖北省/武汉市/江夏区,1668,3,430200,active
1680,1680,黄陂区,湖北省/武汉市/黄陂区,1668,3,430300,active
1681,1681,新洲区,湖北省/武汉市/新洲区,1668,3,430400,active
1682,1682,黄石市,湖北省/黄石市,1667,2,435000,active
1683,1683,黄石港区,湖北省/黄石市/黄石港区,1682,3,435000,active
1684,1684,西塞山区,湖北省/黄石市/西塞山区,1682,3,435001,active
1685,1685,下陆区,湖北省/黄石市/下陆区,1682,3,435004,active
1686,1686,铁山区,湖北省/黄石市/铁山区,1682,3,435006,active
1687,1687,阳新县,湖北省/黄石市/阳新县,1682,3,435200,active
1688,1688,大冶市,湖北省/黄石市/大冶市,1682,3,435100,active
1689,1689,十堰市,湖北省/十堰市,1667,2,442000,active
1690,1690,茅箭区,湖北省/十堰市/茅箭区,1689,3,442000,active
1691,1691,张湾区,湖北省/十堰市/张湾区,1689,3,442001,active
1692,1692,郧阳区,湖北省/十堰市/郧阳区,1689,3,442500,active
1693,1693,郧西县,湖北省/十堰市/郧西县,1689,3,442600,active
1694,1694,竹山县,湖北省/十堰市/竹山县,1689,3,442200,active
1695,1695,竹溪县,湖北省/十堰市/竹溪县,1689,3,442300,active
1696,1696,房县,湖北省/十堰市/房县,1689,3,442100,active
1697,1697,丹江口市,湖北省/十堰市/丹江口市,1689,3,442700,active
1698,1698,宜昌市,湖北省/宜昌市,1667,2,443000,active
1699,1699,西陵区,湖北省/宜昌市/西陵区,1698,3,443000,active
1700,1700,伍家岗区,湖北省/宜昌市/伍家岗区,1698,3,443001,active
1701,1701,点军区,湖北省/宜昌市/点军区,1698,3,443004,active
1702,1702,猇亭区,湖北省/宜昌市/猇亭区,1698,3,443007,active
1703,1703,夷陵区,湖北省/宜昌市/夷陵区,1698,3,443100,active
1704,1704,远安县,湖北省/宜昌市/远安县,1698,3,444200,active
1705,1705,兴山县,湖北省/宜昌市/兴山县,1698,3,443700,active
1706,1706,秭归县,湖北省/宜昌市/秭归县,1698,3,443600,active
1707,1707,长阳土家族自治县,湖北省/宜昌市/长阳土家族自治县,1698,3,443500,active
1708,1708,五峰土家族自治县,湖北省/宜昌市/五峰土家族自治县,1698,3,443400,active
1709,1709,宜都市,湖北省/宜昌市/宜都市,1698,3,443300,active
1710,1710,当阳市,湖北省/宜昌市/当阳市,1698,3,444100,active
1711,1711,枝江市,湖北省/宜昌市/枝江市,1698,3,443200,active
1712,1712,襄阳市,湖北省/襄阳市,1667,2,441000,active
1713,1713,襄城区,湖北省/襄阳市/襄城区,1712,3,441000,active
1714,1714,樊城区,湖北省/襄阳市/樊城区,1712,3,441001,active
1715,1715,襄州区,湖北省/襄阳市/襄州区,1712,3,441100,active
1716,1716,南漳县,湖北省/襄阳市/南漳县,1712,3,441500,active
1717,1717,谷城县,湖北省/襄阳市/谷城县,1712,3,441700,active
1718,1718,保康县,湖北省/襄阳市/保康县,1712,3,441600,active
1719,1719,老河口市,湖北省/襄阳市/老河口市,1712,3,441800,active
1720,1720,枣阳市,湖北省/襄阳市/枣阳市,1712,3,441200,active
1721,1721,宜城市,湖北省/襄阳市/宜城市,1712,3,441400,active
1722,1722,鄂州市,湖北省/鄂州市,1667,2,436000,active
1723,1723,梁子湖区,湖北省/鄂州市/梁子湖区,1722,3,436000,active
1724,1724,华容区,湖北省/鄂州市/华容区,1722,3,436000,active
1725,1725,鄂城区,湖北省/鄂州市/鄂城区,1722,3,436000,active
1726,1726,荆门市,湖北省/荆门市,1667,2,448000,active
1727,1727,东宝区,湖北省/荆门市/东宝区,1726,3,448001,active
1728,1728,掇刀区,湖北省/荆门市/掇刀区,1726,3,448004,active
1729,1729,沙洋县,湖北省/荆门市/沙洋县,1726,3,448200,active
1730,1730,钟祥市,湖北省/荆门市/钟祥市,1726,3,431900,active
1731,1731,京山市,湖北省/荆门市/京山市,1726,3,431800,active
1732,1732,孝感市,湖北省/孝感市,1667,2,432000,active
1733,1733,孝南区,湖北省/孝感市/孝南区,1732,3,432000,active
1734,1734,孝昌县,湖北省/孝感市/孝昌县,1732,3,432900,active
1735,1735,大悟县,湖北省/孝感市/大悟县,1732,3,432800,active
1736,1736,云梦县,湖北省/孝感市/云梦县,1732,3,432500,active
1737,1737,应城市,湖北省/孝感市/应城市,1732,3,432400,active
1738,1738,安陆市,湖北省/孝感市/安陆市,1732,3,432600,active
1739,1739,汉川市,湖北省/孝感市/汉川市,1732,3,432300,active
1740,1740,荆州市,湖北省/荆州市,1667,2,434000,active
1741,1741,沙市区,湖北省/荆州市/沙市区,1740,3,434000,active
1742,1742,荆州区,湖北省/荆州市/荆州区,1740,3,434020,active
1743,1743,公安县,湖北省/荆州市/公安县,1740,3,434300,active
1744,1744,监利市,湖北省/荆州市/监利市,1740,3,433300,active
1745,1745,江陵县,湖北省/荆州市/江陵县,1740,3,434100,active
1746,1746,石首市,湖北省/荆州市/石首市,1740,3,433400,active
1747,1747,洪湖市,湖北省/荆州市/洪湖市,1740,3,433200,active
1748,1748,松滋市,湖北省/荆州市/松滋市,1740,3,434200,active
1749,1749,黄冈市,湖北省/黄冈市,1667,2,438000,active
1750,1750,黄州区,湖北省/黄冈市/黄州区,1749,3,438000,active
1751,1751,团风县,湖北省/黄冈市/团风县,1749,3,438000,active
1752,1752,红安县,湖北省/黄冈市/红安县,1749,3,438400,active
1753,1753,罗田县,湖北省/黄冈市/罗田县,1749,3,438600,active
1754,1754,英山县,湖北省/黄冈市/英山县,1749,3,438700,active
1755,1755,浠水县,湖北省/黄冈市/浠水县,1749,3,438200,active
1756,1756,蕲春县,湖北省/黄冈市/蕲春县,1749,3,435300,active
1757,1757,黄梅县,湖北省/黄冈市/黄梅县,1749,3,435500,active
1758,1758,麻城市,湖北省/黄冈市/麻城市,1749,3,438300,active
1759,1759,武穴市,湖北省/黄冈市/武穴市,1749,3,435400,active
1760,1760,咸宁市,湖北省/咸宁市,1667,2,437000,active
1761,1761,咸安区,湖北省/咸宁市/咸安区,1760,3,437000,active
1762,1762,嘉鱼县,湖北省/咸宁市/嘉鱼县,1760,3,437200,active
1763,1763,通城县,湖北省/咸宁市/通城县,1760,3,437400,active
1764,1764,崇阳县,湖北省/咸宁市/崇阳县,1760,3,437500,active
1765,1765,通山县,湖北省/咸宁市/通山县,1760,3,437600,active
1766,1766,赤壁市,湖北省/咸宁市/赤壁市,1760,3,437300,active
1767,1767,随州市,湖北省/随州市,1667,2,441300,active
1768,1768,曾都区,湖北省/随州市/曾都区,1767,3,441300,active
1769,1769,随县,湖北省/随州市/随县,1767,3,441300,active
1770,1770,广水市,湖北省/随州市/广水市,1767,3,432700,active
1771,1771,恩施土家族苗族自治州,湖北省/恩施土家族苗族自治州,1667,2,445000,active
1772,1772,恩施市,湖北省/恩施土家族苗族自治州/恩施市,1771,3,445000,active
1773,1773,利川市,湖北省/恩施土家族苗族自治州/利川市,1771,3,445400,active
1774,1774,建始县,湖北省/恩施土家族苗族自治州/建始县,1771,3,445300,active
1775,1775,巴东县,湖北省/恩施土家族苗族自治州/巴东县,1771,3,444300,active
1776,1776,宣恩县,湖北省/恩施土家族苗族自治州/宣恩县,1771,3,445500,active
1777,1777,咸丰县,湖北省/恩施土家族苗族自治州/咸丰县,1771,3,445600,active
1778,1778,来凤县,湖北省/恩施土家族苗族自治州/来凤县,1771,3,445700,active
1779,1779,鹤峰县,湖北省/恩施土家族苗族自治州/鹤峰县,1771,3,445800,active
1780,1780,仙桃市,湖北省/仙桃市,1667,2,433000,active
1781,1781,潜江市,湖北省/潜江市,1667,2,433100,active
1782,1782,天门市,湖北省/天门市,1667,2,431700,active
1783,1783,神农架林区,湖北省/神农架林区,1667,2,442400,active
1784,1784,湖南省,湖南省,NULL,1,410000,active
1785,1785,长沙市,湖南省/长沙市,1784,2,410000,active
1786,1786,芙蓉区,湖南省/长沙市/芙蓉区,1785,3,410011,active
1787,1787,天心区,湖南省/长沙市/天心区,1785,3,410004,active
1788,1788,岳麓区,湖南省/长沙市/岳麓区,1785,3,410006,active
1789,1789,开福区,湖南省/长沙市/开福区,1785,3,410008,active
1790,1790,雨花区,湖南省/长沙市/雨花区,1785,3,410007,active
1791,1791,望城区,湖南省/长沙市/望城区,1785,3,410200,active
1792,1792,长沙县,湖南省/长沙市/长沙县,1785,3,410100,active
1793,1793,浏阳市,湖南省/长沙市/浏阳市,1785,3,410300,active
1794,1794,宁乡市,湖南省/长沙市/宁乡市,1785,3,410600,active
1795,1795,株洲市,湖南省/株洲市,1784,2,412000,active
1796,1796,荷塘区,湖南省/株洲市/荷塘区,1795,3,412000,active
1797,1797,芦淞区,湖南省/株洲市/芦淞区,1795,3,412000,active
1798,1798,石峰区,湖南省/株洲市/石峰区,1795,3,412000,active
1799,1799,天元区,湖南省/株洲市/天元区,1795,3,412000,active
1800,1800,渌口区,湖南省/株洲市/渌口区,1795,3,412100,active
1801,1801,攸县,湖南省/株洲市/攸县,1795,3,412300,active
1802,1802,茶陵县,湖南省/株洲市/茶陵县,1795,3,412400,active
1803,1803,炎陵县,湖南省/株洲市/炎陵县,1795,3,412500,active
1804,1804,醴陵市,湖南省/株洲市/醴陵市,1795,3,412200,active
1805,1805,湘潭市,湖南省/湘潭市,1784,2,411100,active
1806,1806,雨湖区,湖南省/湘潭市/雨湖区,1805,3,411100,active
1807,1807,岳塘区,湖南省/湘潭市/岳塘区,1805,3,411101,active
1808,1808,湘潭县,湖南省/湘潭市/湘潭县,1805,3,411200,active
1809,1809,湘乡市,湖南省/湘潭市/湘乡市,1805,3,411400,active
1810,1810,韶山市,湖南省/湘潭市/韶山市,1805,3,411300,active
1811,1811,衡阳市,湖南省/衡阳市,1784,2,421000,active
1812,1812,珠晖区,湖南省/衡阳市/珠晖区,1811,3,421002,active
1813,1813,雁峰区,湖南省/衡阳市/雁峰区,1811,3,421001,active
1814,1814,石鼓区,湖南省/衡阳市/石鼓区,1811,3,421001,active
1815,1815,蒸湘区,湖南省/衡阳市/蒸湘区,1811,3,421001,active
1816,1816,南岳区,湖南省/衡阳市/南岳区,1811,3,421900,active
1817,1817,衡阳县,湖南省/衡阳市/衡阳县,1811,3,421200,active
1818,1818,衡南县,湖南省/衡阳市/衡南县,1811,3,421100,active
1819,1819,衡山县,湖南省/衡阳市/衡山县,1811,3,421300,active
1820,1820,衡东县,湖南省/衡阳市/衡东县,1811,3,421400,active
1821,1821,祁东县,湖南省/衡阳市/祁东县,1811,3,421600,active
1822,1822,耒阳市,湖南省/衡阳市/耒阳市,1811,3,421800,active
1823,1823,常宁市,湖南省/衡阳市/常宁市,1811,3,421500,active
1824,1824,邵阳市,湖南省/邵阳市,1784,2,422000,active
1825,1825,双清区,湖南省/邵阳市/双清区,1824,3,422001,active
1826,1826,大祥区,湖南省/邵阳市/大祥区,1824,3,422000,active
1827,1827,北塔区,湖南省/邵阳市/北塔区,1824,3,422001,active
1828,1828,新邵县,湖南省/邵阳市/新邵县,1824,3,422900,active
1829,1829,邵阳县,湖南省/邵阳市/邵阳县,1824,3,422100,active
1830,1830,隆回县,湖南省/邵阳市/隆回县,1824,3,422200,active
1831,1831,洞口县,湖南省/邵阳市/洞口县,1824,3,422300,active
1832,1832,绥宁县,湖南省/邵阳市/绥宁县,1824,3,422600,active
1833,1833,新宁县,湖南省/邵阳市/新宁县,1824,3,422700,active
1834,1834,城步苗族自治县,湖南省/邵阳市/城步苗族自治县,1824,3,422500,active
1835,1835,武冈市,湖南省/邵阳市/武冈市,1824,3,422400,active
1836,1836,邵东市,湖南省/邵阳市/邵东市,1824,3,422800,active
1837,1837,岳阳市,湖南省/岳阳市,1784,2,414000,active
1838,1838,岳阳楼区,湖南省/岳阳市/岳阳楼区,1837,3,414000,active
1839,1839,云溪区,湖南省/岳阳市/云溪区,1837,3,414000,active
1840,1840,君山区,湖南省/岳阳市/君山区,1837,3,414000,active
1841,1841,岳阳县,湖南省/岳阳市/岳阳县,1837,3,414100,active
1842,1842,华容县,湖南省/岳阳市/华容县,1837,3,414200,active
1843,1843,湘阴县,湖南省/岳阳市/湘阴县,1837,3,414600,active
1844,1844,平江县,湖南省/岳阳市/平江县,1837,3,414500,active
1845,1845,汨罗市,湖南省/岳阳市/汨罗市,1837,3,414400,active
1846,1846,临湘市,湖南省/岳阳市/临湘市,1837,3,414300,active
1847,1847,常德市,湖南省/常德市,1784,2,415000,active
1848,1848,武陵区,湖南省/常德市/武陵区,1847,3,415000,active
1849,1849,鼎城区,湖南省/常德市/鼎城区,1847,3,415100,active
1850,1850,安乡县,湖南省/常德市/安乡县,1847,3,415600,active
1851,1851,汉寿县,湖南省/常德市/汉寿县,1847,3,415900,active
1852,1852,澧县,湖南省/常德市/澧县,1847,3,415500,active
1853,1853,临澧县,湖南省/常德市/临澧县,1847,3,415200,active
1854,1854,桃源县,湖南省/常德市/桃源县,1847,3,415700,active
1855,1855,石门县,湖南省/常德市/石门县,1847,3,415300,active
1856,1856,津市市,湖南省/常德市/津市市,1847,3,415400,active
1857,1857,张家界市,湖南省/张家界市,1784,2,427000,active
1858,1858,永定区,湖南省/张家界市/永定区,1857,3,427000,active
1859,1859,武陵源区,湖南省/张家界市/武陵源区,1857,3,427400,active
1860,1860,慈利县,湖南省/张家界市/慈利县,1857,3,427200,active
1861,1861,桑植县,湖南省/张家界市/桑植县,1857,3,427100,active
1862,1862,益阳市,湖南省/益阳市,1784,2,413000,active
1863,1863,资阳区,湖南省/益阳市/资阳区,1862,3,413001,active
1864,1864,赫山区,湖南省/益阳市/赫山区,1862,3,413000,active
1865,1865,南县,湖南省/益阳市/南县,1862,3,413200,active
1866,1866,桃江县,湖南省/益阳市/桃江县,1862,3,413400,active
1867,1867,安化县,湖南省/益阳市/安化县,1862,3,413500,active
1868,1868,沅江市,湖南省/益阳市/沅江市,1862,3,413100,active
1869,1869,郴州市,湖南省/郴州市,1784,2,423000,active
1870,1870,北湖区,湖南省/郴州市/北湖区,1869,3,423000,active
1871,1871,苏仙区,湖南省/郴州市/苏仙区,1869,3,423000,active
1872,1872,桂阳县,湖南省/郴州市/桂阳县,1869,3,424400,active
1873,1873,宜章县,湖南省/郴州市/宜章县,1869,3,424200,active
1874,1874,永兴县,湖南省/郴州市/永兴县,1869,3,423300,active
1875,1875,嘉禾县,湖南省/郴州市/嘉禾县,1869,3,424500,active
1876,1876,临武县,湖南省/郴州市/临武县,1869,3,424300,active
1877,1877,汝城县,湖南省/郴州市/汝城县,1869,3,424100,active
1878,1878,桂东县,湖南省/郴州市/桂东县,1869,3,423500,active
1879,1879,安仁县,湖南省/郴州市/安仁县,1869,3,423600,active
1880,1880,资兴市,湖南省/郴州市/资兴市,1869,3,423400,active
1881,1881,永州市,湖南省/永州市,1784,2,425000,active
1882,1882,零陵区,湖南省/永州市/零陵区,1881,3,425100,active
1883,1883,冷水滩区,湖南省/永州市/冷水滩区,1881,3,425000,active
1884,1884,祁阳县,湖南省/永州市/祁阳县,1881,3,426100,active
1885,1885,东安县,湖南省/永州市/东安县,1881,3,425900,active
1886,1886,双牌县,湖南省/永州市/双牌县,1881,3,425200,active
1887,1887,道县,湖南省/永州市/道县,1881,3,425300,active
1888,1888,江永县,湖南省/永州市/江永县,1881,3,425400,active
1889,1889,宁远县,湖南省/永州市/宁远县,1881,3,425600,active
1890,1890,蓝山县,湖南省/永州市/蓝山县,1881,3,425800,active
1891,1891,新田县,湖南省/永州市/新田县,1881,3,425700,active
1892,1892,江华瑶族自治县,湖南省/永州市/江华瑶族自治县,1881,3,425500,active
1893,1893,怀化市,湖南省/怀化市,1784,2,418000,active
1894,1894,鹤城区,湖南省/怀化市/鹤城区,1893,3,418000,active
1895,1895,中方县,湖南省/怀化市/中方县,1893,3,418000,active
1896,1896,沅陵县,湖南省/怀化市/沅陵县,1893,3,419600,active
1897,1897,辰溪县,湖南省/怀化市/辰溪县,1893,3,419500,active
1898,1898,溆浦县,湖南省/怀化市/溆浦县,1893,3,419300,active
1899,1899,会同县,湖南省/怀化市/会同县,1893,3,418300,active
1900,1900,麻阳苗族自治县,湖南省/怀化市/麻阳苗族自治县,1893,3,419400,active
1901,1901,新晃侗族自治县,湖南省/怀化市/新晃侗族自治县,1893,3,419200,active
1902,1902,芷江侗族自治县,湖南省/怀化市/芷江侗族自治县,1893,3,419100,active
1903,1903,靖州苗族侗族自治县,湖南省/怀化市/靖州苗族侗族自治县,1893,3,418400,active
1904,1904,通道侗族自治县,湖南省/怀化市/通道侗族自治县,1893,3,418500,active
1905,1905,洪江市,湖南省/怀化市/洪江市,1893,3,418100,active
1906,1906,娄底市,湖南省/娄底市,1784,2,417000,active
1907,1907,娄星区,湖南省/娄底市/娄星区,1906,3,417000,active
1908,1908,双峰县,湖南省/娄底市/双峰县,1906,3,417700,active
1909,1909,新化县,湖南省/娄底市/新化县,1906,3,417600,active
1910,1910,冷水江市,湖南省/娄底市/冷水江市,1906,3,417500,active
1911,1911,涟源市,湖南省/娄底市/涟源市,1906,3,417100,active
1912,1912,湘西土家族苗族自治州,湖南省/湘西土家族苗族自治州,1784,2,416000,active
1913,1913,吉首市,湖南省/湘西土家族苗族自治州/吉首市,1912,3,416000,active
1914,1914,泸溪县,湖南省/湘西土家族苗族自治州/泸溪县,1912,3,416100,active
1915,1915,凤凰县,湖南省/湘西土家族苗族自治州/凤凰县,1912,3,416200,active
1916,1916,花垣县,湖南省/湘西土家族苗族自治州/花垣县,1912,3,416400,active
1917,1917,保靖县,湖南省/湘西土家族苗族自治州/保靖县,1912,3,416500,active
1918,1918,古丈县,湖南省/湘西土家族苗族自治州/古丈县,1912,3,416300,active
1919,1919,永顺县,湖南省/湘西土家族苗族自治州/永顺县,1912,3,416700,active
1920,1920,龙山县,湖南省/湘西土家族苗族自治州/龙山县,1912,3,416800,active
1921,1921,广东省,广东省,NULL,1,510000,active
1922,1922,广州市,广东省/广州市,1921,2,510000,active
1923,1923,荔湾区,广东省/广州市/荔湾区,1922,3,510145,active
1924,1924,越秀区,广东省/广州市/越秀区,1922,3,510030,active
1925,1925,海珠区,广东省/广州市/海珠区,1922,3,510220,active
1926,1926,天河区,广东省/广州市/天河区,1922,3,510630,active
1927,1927,白云区,广东省/广州市/白云区,1922,3,510080,active
1928,1928,黄埔区,广东省/广州市/黄埔区,1922,3,510700,active
1929,1929,番禺区,广东省/广州市/番禺区,1922,3,511400,active
1930,1930,花都区,广东省/广州市/花都区,1922,3,510800,active
1931,1931,南沙区,广东省/广州市/南沙区,1922,3,511400,active
1932,1932,从化区,广东省/广州市/从化区,1922,3,510900,active
1933,1933,增城区,广东省/广州市/增城区,1922,3,511300,active
1934,1934,韶关市,广东省/韶关市,1921,2,512000,active
1935,1935,武江区,广东省/韶关市/武江区,1934,3,512026,active
1936,1936,浈江区,广东省/韶关市/浈江区,1934,3,512023,active
1937,1937,曲江区,广东省/韶关市/曲江区,1934,3,512100,active
1938,1938,始兴县,广东省/韶关市/始兴县,1934,3,512500,active
1939,1939,仁化县,广东省/韶关市/仁化县,1934,3,512300,active
1940,1940,翁源县,广东省/韶关市/翁源县,1934,3,512600,active
1941,1941,乳源瑶族自治县,广东省/韶关市/乳源瑶族自治县,1934,3,512700,active
1942,1942,新丰县,广东省/韶关市/新丰县,1934,3,511100,active
1943,1943,乐昌市,广东省/韶关市/乐昌市,1934,3,512200,active
1944,1944,南雄市,广东省/韶关市/南雄市,1934,3,512400,active
1945,1945,深圳市,广东省/深圳市,1921,2,518000,active
1946,1946,罗湖区,广东省/深圳市/罗湖区,1945,3,518001,active
1947,1947,福田区,广东省/深圳市/福田区,1945,3,518000,active
1948,1948,南山区,广东省/深圳市/南山区,1945,3,518000,active
1949,1949,宝安区,广东省/深圳市/宝安区,1945,3,518101,active
1950,1950,龙岗区,广东省/深圳市/龙岗区,1945,3,518116,active
1951,1951,盐田区,广东省/深圳市/盐田区,1945,3,518083,active
1952,1952,龙华区,广东省/深圳市/龙华区,1945,3,518110,active
1953,1953,坪山区,广东省/深圳市/坪山区,1945,3,518118,active
1954,1954,光明区,广东省/深圳市/光明区,1945,3,518107,active
1955,1955,珠海市,广东省/珠海市,1921,2,519000,active
1956,1956,香洲区,广东省/珠海市/香洲区,1955,3,519001,active
1957,1957,斗门区,广东省/珠海市/斗门区,1955,3,519100,active
1958,1958,金湾区,广东省/珠海市/金湾区,1955,3,519090,active
1959,1959,汕头市,广东省/汕头市,1921,2,515000,active
1960,1960,龙湖区,广东省/汕头市/龙湖区,1959,3,515041,active
1961,1961,金平区,广东省/汕头市/金平区,1959,3,515041,active
1962,1962,濠江区,广东省/汕头市/濠江区,1959,3,515071,active
1963,1963,潮阳区,广东省/汕头市/潮阳区,1959,3,515100,active
1964,1964,潮南区,广东省/汕头市/潮南区,1959,3,515144,active
1965,1965,澄海区,广东省/汕头市/澄海区,1959,3,515800,active
1966,1966,南澳县,广东省/汕头市/南澳县,1959,3,515900,active
1967,1967,佛山市,广东省/佛山市,1921,2,528000,active
1968,1968,禅城区,广东省/佛山市/禅城区,1967,3,528000,active
1969,1969,南海区,广东省/佛山市/南海区,1967,3,528200,active
1970,1970,顺德区,广东省/佛山市/顺德区,1967,3,528300,active
1971,1971,三水区,广东省/佛山市/三水区,1967,3,528100,active
1972,1972,高明区,广东省/佛山市/高明区,1967,3,528500,active
1973,1973,江门市,广东省/江门市,1921,2,529000,active
1974,1974,蓬江区,广东省/江门市/蓬江区,1973,3,529000,active
1975,1975,江海区,广东省/江门市/江海区,1973,3,529000,active
1976,1976,新会区,广东省/江门市/新会区,1973,3,529100,active
1977,1977,台山市,广东省/江门市/台山市,1973,3,529200,active
1978,1978,开平市,广东省/江门市/开平市,1973,3,529300,active
1979,1979,鹤山市,广东省/江门市/鹤山市,1973,3,529700,active
1980,1980,恩平市,广东省/江门市/恩平市,1973,3,529400,active
1981,1981,湛江市,广东省/湛江市,1921,2,524000,active
1982,1982,赤坎区,广东省/湛江市/赤坎区,1981,3,524033,active
1983,1983,霞山区,广东省/湛江市/霞山区,1981,3,524002,active
1984,1984,坡头区,广东省/湛江市/坡头区,1981,3,524057,active
1985,1985,麻章区,广东省/湛江市/麻章区,1981,3,524003,active
1986,1986,遂溪县,广东省/湛江市/遂溪县,1981,3,524300,active
1987,1987,徐闻县,广东省/湛江市/徐闻县,1981,3,524100,active
1988,1988,廉江市,广东省/湛江市/廉江市,1981,3,524400,active
1989,1989,雷州市,广东省/湛江市/雷州市,1981,3,524200,active
1990,1990,吴川市,广东省/湛江市/吴川市,1981,3,524500,active
1991,1991,茂名市,广东省/茂名市,1921,2,525000,active
1992,1992,茂南区,广东省/茂名市/茂南区,1991,3,525000,active
1993,1993,电白区,广东省/茂名市/电白区,1991,3,525400,active
1994,1994,高州市,广东省/茂名市/高州市,1991,3,525200,active
1995,1995,化州市,广东省/茂名市/化州市,1991,3,525100,active
1996,1996,信宜市,广东省/茂名市/信宜市,1991,3,525300,active
1997,1997,肇庆市,广东省/肇庆市,1921,2,526000,active
1998,1998,端州区,广东省/肇庆市/端州区,1997,3,526040,active
1999,1999,鼎湖区,广东省/肇庆市/鼎湖区,1997,3,526070,active
2000,2000,高要区,广东省/肇庆市/高要区,1997,3,526100,active
2001,2001,广宁县,广东省/肇庆市/广宁县,1997,3,526300,active
2002,2002,怀集县,广东省/肇庆市/怀集县,1997,3,526400,active
2003,2003,封开县,广东省/肇庆市/封开县,1997,3,526500,active
2004,2004,德庆县,广东省/肇庆市/德庆县,1997,3,526600,active
2005,2005,四会市,广东省/肇庆市/四会市,1997,3,526200,active
2006,2006,惠州市,广东省/惠州市,1921,2,516000,active
2007,2007,惠城区,广东省/惠州市/惠城区,2006,3,516001,active
2008,2008,惠阳区,广东省/惠州市/惠阳区,2006,3,516200,active
2009,2009,博罗县,广东省/惠州市/博罗县,2006,3,516100,active
2010,2010,惠东县,广东省/惠州市/惠东县,2006,3,516300,active
2011,2011,龙门县,广东省/惠州市/龙门县,2006,3,516800,active
2012,2012,梅州市,广东省/梅州市,1921,2,514000,active
2013,2013,梅江区,广东省/梅州市/梅江区,2012,3,514000,active
2014,2014,梅县区,广东省/梅州市/梅县区,2012,3,514000,active
2015,2015,大埔县,广东省/梅州市/大埔县,2012,3,514200,active
2016,2016,丰顺县,广东省/梅州市/丰顺县,2012,3,514300,active
2017,2017,五华县,广东省/梅州市/五华县,2012,3,514400,active
2018,2018,平远县,广东省/梅州市/平远县,2012,3,514600,active
2019,2019,蕉岭县,广东省/梅州市/蕉岭县,2012,3,514100,active
2020,2020,兴宁市,广东省/梅州市/兴宁市,2012,3,514500,active
2021,2021,汕尾市,广东省/汕尾市,1921,2,516600,active
2022,2022,城区,广东省/汕尾市/城区,2021,3,516600,active
2023,2023,海丰县,广东省/汕尾市/海丰县,2021,3,516400,active
2024,2024,陆河县,广东省/汕尾市/陆河县,2021,3,516700,active
2025,2025,陆丰市,广东省/汕尾市/陆丰市,2021,3,516500,active
2026,2026,河源市,广东省/河源市,1921,2,517000,active
2027,2027,源城区,广东省/河源市/源城区,2026,3,517000,active
2028,2028,紫金县,广东省/河源市/紫金县,2026,3,517400,active
2029,2029,龙川县,广东省/河源市/龙川县,2026,3,517300,active
2030,2030,连平县,广东省/河源市/连平县,2026,3,517100,active
2031,2031,和平县,广东省/河源市/和平县,2026,3,517200,active
2032,2032,东源县,广东省/河源市/东源县,2026,3,517500,active
2033,2033,阳江市,广东省/阳江市,1921,2,529500,active
2034,2034,江城区,广东省/阳江市/江城区,2033,3,529500,active
2035,2035,阳东区,广东省/阳江市/阳东区,2033,3,529900,active
2036,2036,阳西县,广东省/阳江市/阳西县,2033,3,529800,active
2037,2037,阳春市,广东省/阳江市/阳春市,2033,3,529600,active
2038,2038,清远市,广东省/清远市,1921,2,511500,active
2039,2039,清城区,广东省/清远市/清城区,2038,3,511500,active
2040,2040,清新区,广东省/清远市/清新区,2038,3,511800,active
2041,2041,佛冈县,广东省/清远市/佛冈县,2038,3,511600,active
2042,2042,阳山县,广东省/清远市/阳山县,2038,3,513100,active
2043,2043,连山壮族瑶族自治县,广东省/清远市/连山壮族瑶族自治县,2038,3,513200,active
2044,2044,连南瑶族自治县,广东省/清远市/连南瑶族自治县,2038,3,513300,active
2045,2045,英德市,广东省/清远市/英德市,2038,3,513000,active
2046,2046,连州市,广东省/清远市/连州市,2038,3,513400,active
2047,2047,东莞市,广东省/东莞市,1921,2,523000,active
2048,2048,东莞市,广东省/东莞市/东莞市,2047,3,523000,active
2049,2049,中山市,广东省/中山市,1921,2,528400,active
2050,2050,中山市,广东省/中山市/中山市,2049,3,528400,active
2051,2051,潮州市,广东省/潮州市,1921,2,521000,active
2052,2052,湘桥区,广东省/潮州市/湘桥区,2051,3,521000,active
2053,2053,潮安区,广东省/潮州市/潮安区,2051,3,515638,active
2054,2054,饶平县,广东省/潮州市/饶平县,2051,3,515700,active
2055,2055,揭阳市,广东省/揭阳市,1921,2,522000,active
2056,2056,榕城区,广东省/揭阳市/榕城区,2055,3,522000,active
2057,2057,揭东区,广东省/揭阳市/揭东区,2055,3,515500,active
2058,2058,揭西县,广东省/揭阳市/揭西县,2055,3,515400,active
2059,2059,惠来县,广东省/揭阳市/惠来县,2055,3,515200,active
2060,2060,普宁市,广东省/揭阳市/普宁市,2055,3,515300,active
2061,2061,云浮市,广东省/云浮市,1921,2,527300,active
2062,2062,云城区,广东省/云浮市/云城区,2061,3,527300,active
2063,2063,云安区,广东省/云浮市/云安区,2061,3,527500,active
2064,2064,新兴县,广东省/云浮市/新兴县,2061,3,527400,active
2065,2065,郁南县,广东省/云浮市/郁南县,2061,3,527100,active
2066,2066,罗定市,广东省/云浮市/罗定市,2061,3,527200,active
2067,2067,广西壮族自治区,广西壮族自治区,NULL,1,530000,active
2068,2068,南宁市,广西壮族自治区/南宁市,2067,2,530000,active
2069,2069,兴宁区,广西壮族自治区/南宁市/兴宁区,2068,3,530012,active
2070,2070,青秀区,广西壮族自治区/南宁市/青秀区,2068,3,530022,active
2071,2071,江南区,广西壮族自治区/南宁市/江南区,2068,3,530031,active
2072,2072,西乡塘区,广西壮族自治区/南宁市/西乡塘区,2068,3,530007,active
2073,2073,良庆区,广西壮族自治区/南宁市/良庆区,2068,3,530200,active
2074,2074,邕宁区,广西壮族自治区/南宁市/邕宁区,2068,3,530200,active
2075,2075,武鸣区,广西壮族自治区/南宁市/武鸣区,2068,3,530100,active
2076,2076,隆安县,广西壮族自治区/南宁市/隆安县,2068,3,532700,active
2077,2077,马山县,广西壮族自治区/南宁市/马山县,2068,3,530600,active
2078,2078,上林县,广西壮族自治区/南宁市/上林县,2068,3,530500,active
2079,2079,宾阳县,广西壮族自治区/南宁市/宾阳县,2068,3,530400,active
2080,2080,横县,广西壮族自治区/南宁市/横县,2068,3,530300,active
2081,2081,柳州市,广西壮族自治区/柳州市,2067,2,545000,active
2082,2082,城中区,广西壮族自治区/柳州市/城中区,2081,3,545001,active
2083,2083,鱼峰区,广西壮族自治区/柳州市/鱼峰区,2081,3,545005,active
2084,2084,柳南区,广西壮族自治区/柳州市/柳南区,2081,3,545005,active
2085,2085,柳北区,广西壮族自治区/柳州市/柳北区,2081,3,545001,active
2086,2086,柳江区,广西壮族自治区/柳州市/柳江区,2081,3,545100,active
2087,2087,柳城县,广西壮族自治区/柳州市/柳城县,2081,3,545200,active
2088,2088,鹿寨县,广西壮族自治区/柳州市/鹿寨县,2081,3,545600,active
2089,2089,融安县,广西壮族自治区/柳州市/融安县,2081,3,545400,active
2090,2090,融水苗族自治县,广西壮族自治区/柳州市/融水苗族自治县,2081,3,545300,active
2091,2091,三江侗族自治县,广西壮族自治区/柳州市/三江侗族自治县,2081,3,545500,active
2092,2092,桂林市,广西壮族自治区/桂林市,2067,2,541000,active
2093,2093,秀峰区,广西壮族自治区/桂林市/秀峰区,2092,3,541001,active
2094,2094,叠彩区,广西壮族自治区/桂林市/叠彩区,2092,3,541001,active
2095,2095,象山区,广西壮族自治区/桂林市/象山区,2092,3,541002,active
2096,2096,七星区,广西壮族自治区/桂林市/七星区,2092,3,541004,active
2097,2097,雁山区,广西壮族自治区/桂林市/雁山区,2092,3,541006,active
2098,2098,临桂区,广西壮族自治区/桂林市/临桂区,2092,3,541100,active
2099,2099,阳朔县,广西壮族自治区/桂林市/阳朔县,2092,3,541900,active
2100,2100,灵川县,广西壮族自治区/桂林市/灵川县,2092,3,541200,active
2101,2101,全州县,广西壮族自治区/桂林市/全州县,2092,3,541500,active
2102,2102,兴安县,广西壮族自治区/桂林市/兴安县,2092,3,541300,active
2103,2103,永福县,广西壮族自治区/桂林市/永福县,2092,3,541800,active
2104,2104,灌阳县,广西壮族自治区/桂林市/灌阳县,2092,3,541600,active
2105,2105,资源县,广西壮族自治区/桂林市/资源县,2092,3,541400,active
2106,2106,平乐县,广西壮族自治区/桂林市/平乐县,2092,3,542400,active
2107,2107,荔浦市,广西壮族自治区/桂林市/荔浦市,2092,3,546600,active
2108,2108,恭城瑶族自治县,广西壮族自治区/桂林市/恭城瑶族自治县,2092,3,542500,active
2109,2109,梧州市,广西壮族自治区/梧州市,2067,2,543000,active
2110,2110,万秀区,广西壮族自治区/梧州市/万秀区,2109,3,543000,active
2111,2111,长洲区,广西壮族自治区/梧州市/长洲区,2109,3,543000,active
2112,2112,龙圩区,广西壮族自治区/梧州市/龙圩区,2109,3,543100,active
2113,2113,苍梧县,广西壮族自治区/梧州市/苍梧县,2109,3,543100,active
2114,2114,藤县,广西壮族自治区/梧州市/藤县,2109,3,543300,active
2115,2115,蒙山县,广西壮族自治区/梧州市/蒙山县,2109,3,546700,active
2116,2116,岑溪市,广西壮族自治区/梧州市/岑溪市,2109,3,543200,active
2117,2117,北海市,广西壮族自治区/北海市,2067,2,536000,active
2118,2118,海城区,广西壮族自治区/北海市/海城区,2117,3,536000,active
2119,2119,银海区,广西壮族自治区/北海市/银海区,2117,3,536000,active
2120,2120,铁山港区,广西壮族自治区/北海市/铁山港区,2117,3,536000,active
2121,2121,合浦县,广西壮族自治区/北海市/合浦县,2117,3,536100,active
2122,2122,防城港市,广西壮族自治区/防城港市,2067,2,538000,active
2123,2123,港口区,广西壮族自治区/防城港市/港口区,2122,3,538001,active
2124,2124,防城区,广西壮族自治区/防城港市/防城区,2122,3,538021,active
2125,2125,上思县,广西壮族自治区/防城港市/上思县,2122,3,535500,active
2126,2126,东兴市,广西壮族自治区/防城港市/东兴市,2122,3,538100,active
2127,2127,钦州市,广西壮族自治区/钦州市,2067,2,535000,active
2128,2128,钦南区,广西壮族自治区/钦州市/钦南区,2127,3,535000,active
2129,2129,钦北区,广西壮族自治区/钦州市/钦北区,2127,3,535000,active
2130,2130,灵山县,广西壮族自治区/钦州市/灵山县,2127,3,535400,active
2131,2131,浦北县,广西壮族自治区/钦州市/浦北县,2127,3,535300,active
2132,2132,贵港市,广西壮族自治区/贵港市,2067,2,537100,active
2133,2133,港北区,广西壮族自治区/贵港市/港北区,2132,3,537100,active
2134,2134,港南区,广西壮族自治区/贵港市/港南区,2132,3,537132,active
2135,2135,覃塘区,广西壮族自治区/贵港市/覃塘区,2132,3,537121,active
2136,2136,平南县,广西壮族自治区/贵港市/平南县,2132,3,537300,active
2137,2137,桂平市,广西壮族自治区/贵港市/桂平市,2132,3,537200,active
2138,2138,玉林市,广西壮族自治区/玉林市,2067,2,537000,active
2139,2139,玉州区,广西壮族自治区/玉林市/玉州区,2138,3,537000,active
2140,2140,福绵区,广西壮族自治区/玉林市/福绵区,2138,3,537000,active
2141,2141,容县,广西壮族自治区/玉林市/容县,2138,3,537500,active
2142,2142,陆川县,广西壮族自治区/玉林市/陆川县,2138,3,537700,active
2143,2143,博白县,广西壮族自治区/玉林市/博白县,2138,3,537600,active
2144,2144,兴业县,广西壮族自治区/玉林市/兴业县,2138,3,537800,active
2145,2145,北流市,广西壮族自治区/玉林市/北流市,2138,3,537400,active
2146,2146,百色市,广西壮族自治区/百色市,2067,2,533000,active
2147,2147,右江区,广西壮族自治区/百色市/右江区,2146,3,533000,active
2148,2148,田阳区,广西壮族自治区/百色市/田阳区,2146,3,533600,active
2149,2149,田东县,广西壮族自治区/百色市/田东县,2146,3,531500,active
2150,2150,平果市,广西壮族自治区/百色市/平果市,2146,3,531400,active
2151,2151,德保县,广西壮族自治区/百色市/德保县,2146,3,533700,active
2152,2152,那坡县,广西壮族自治区/百色市/那坡县,2146,3,533900,active
2153,2153,凌云县,广西壮族自治区/百色市/凌云县,2146,3,533100,active
2154,2154,乐业县,广西壮族自治区/百色市/乐业县,2146,3,533200,active
2155,2155,田林县,广西壮族自治区/百色市/田林县,2146,3,533300,active
2156,2156,西林县,广西壮族自治区/百色市/西林县,2146,3,533500,active
2157,2157,隆林各族自治县,广西壮族自治区/百色市/隆林各族自治县,2146,3,533400,active
2158,2158,贺州市,广西壮族自治区/贺州市,2067,2,542800,active
2159,2159,八步区,广西壮族自治区/贺州市/八步区,2158,3,542800,active
2160,2160,平桂区,广西壮族自治区/贺州市/平桂区,2158,3,542800,active
2161,2161,昭平县,广西壮族自治区/贺州市/昭平县,2158,3,546800,active
2162,2162,钟山县,广西壮族自治区/贺州市/钟山县,2158,3,542600,active
2163,2163,富川瑶族自治县,广西壮族自治区/贺州市/富川瑶族自治县,2158,3,542700,active
2164,2164,河池市,广西壮族自治区/河池市,2067,2,547000,active
2165,2165,金城江区,广西壮族自治区/河池市/金城江区,2164,3,547000,active
2166,2166,宜州区,广西壮族自治区/河池市/宜州区,2164,3,546300,active
2167,2167,南丹县,广西壮族自治区/河池市/南丹县,2164,3,547200,active
2168,2168,天峨县,广西壮族自治区/河池市/天峨县,2164,3,547300,active
2169,2169,凤山县,广西壮族自治区/河池市/凤山县,2164,3,547600,active
2170,2170,东兰县,广西壮族自治区/河池市/东兰县,2164,3,547400,active
2171,2171,罗城仫佬族自治县,广西壮族自治区/河池市/罗城仫佬族自治县,2164,3,546400,active
2172,2172,环江毛南族自治县,广西壮族自治区/河池市/环江毛南族自治县,2164,3,547100,active
2173,2173,巴马瑶族自治县,广西壮族自治区/河池市/巴马瑶族自治县,2164,3,547500,active
2174,2174,都安瑶族自治县,广西壮族自治区/河池市/都安瑶族自治县,2164,3,530700,active
2175,2175,大化瑶族自治县,广西壮族自治区/河池市/大化瑶族自治县,2164,3,530800,active
2176,2176,来宾市,广西壮族自治区/来宾市,2067,2,546100,active
2177,2177,兴宾区,广西壮族自治区/来宾市/兴宾区,2176,3,546100,active
2178,2178,忻城县,广西壮族自治区/来宾市/忻城县,2176,3,546200,active
2179,2179,象州县,广西壮族自治区/来宾市/象州县,2176,3,545800,active
2180,2180,武宣县,广西壮族自治区/来宾市/武宣县,2176,3,545900,active
2181,2181,金秀瑶族自治县,广西壮族自治区/来宾市/金秀瑶族自治县,2176,3,545700,active
2182,2182,合山市,广西壮族自治区/来宾市/合山市,2176,3,546500,active
2183,2183,崇左市,广西壮族自治区/崇左市,2067,2,532200,active
2184,2184,江州区,广西壮族自治区/崇左市/江州区,2183,3,532200,active
2185,2185,扶绥县,广西壮族自治区/崇左市/扶绥县,2183,3,532100,active
2186,2186,宁明县,广西壮族自治区/崇左市/宁明县,2183,3,532500,active
2187,2187,龙州县,广西壮族自治区/崇左市/龙州县,2183,3,532400,active
2188,2188,大新县,广西壮族自治区/崇左市/大新县,2183,3,532300,active
2189,2189,天等县,广西壮族自治区/崇左市/天等县,2183,3,532800,active
2190,2190,凭祥市,广西壮族自治区/崇左市/凭祥市,2183,3,532600,active
2191,2191,海南省,海南省,NULL,1,570000,active
2192,2192,海口市,海南省/海口市,2191,2,570000,active
2193,2193,秀英区,海南省/海口市/秀英区,2192,3,570311,active
2194,2194,龙华区,海南省/海口市/龙华区,2192,3,570105,active
2195,2195,琼山区,海南省/海口市/琼山区,2192,3,571100,active
2196,2196,美兰区,海南省/海口市/美兰区,2192,3,571100,active
2197,2197,三亚市,海南省/三亚市,2191,2,572000,active
2198,2198,海棠区,海南省/三亚市/海棠区,2197,3,572000,active
2199,2199,吉阳区,海南省/三亚市/吉阳区,2197,3,572000,active
2200,2200,天涯区,海南省/三亚市/天涯区,2197,3,572000,active
2201,2201,崖州区,海南省/三亚市/崖州区,2197,3,572000,active
2202,2202,三沙市,海南省/三沙市,2191,2,573000,active
2203,2203,西沙群岛区,海南省/三沙市/西沙群岛区,2202,3,573000,active
2204,2204,南沙群岛区,海南省/三沙市/南沙群岛区,2202,3,573000,active
2205,2205,中沙群岛区,海南省/三沙市/中沙群岛区,2202,3,573000,active
2206,2206,儋州市,海南省/儋州市,2191,2,571700,active
2207,2207,那大镇,海南省/儋州市/那大镇,2206,3,571700,active
2208,2208,和庆镇,海南省/儋州市/和庆镇,2206,3,571700,active
2209,2209,南丰镇,海南省/儋州市/南丰镇,2206,3,571700,active
2210,2210,雅星镇,海南省/儋州市/雅星镇,2206,3,571700,active
2211,2211,大成镇,海南省/儋州市/大成镇,2206,3,571700,active
2212,2212,中和镇,海南省/儋州市/中和镇,2206,3,571700,active
2213,2213,木棠镇,海南省/儋州市/木棠镇,2206,3,571700,active
2214,2214,光村镇,海南省/儋州市/光村镇,2206,3,571700,active
2215,2215,海头镇,海南省/儋州市/海头镇,2206,3,571700,active
2216,2216,峨蔓镇,海南省/儋州市/峨蔓镇,2206,3,571700,active
2217,2217,王五镇,海南省/儋州市/王五镇,2206,3,571700,active
2218,2218,白马井镇,海南省/儋州市/白马井镇,2206,3,571700,active
2219,2219,兰洋镇,海南省/儋州市/兰洋镇,2206,3,571700,active
2220,2220,排浦镇,海南省/儋州市/排浦镇,2206,3,571700,active
2221,2221,东成镇,海南省/儋州市/东成镇,2206,3,571700,active
2222,2222,五指山市,海南省/五指山市,2191,2,572200,active
2223,2223,琼海市,海南省/琼海市,2191,2,571400,active
2224,2224,文昌市,海南省/文昌市,2191,2,571300,active
2225,2225,万宁市,海南省/万宁市,2191,2,571500,active
2226,2226,东方市,海南省/东方市,2191,2,572600,active
2227,2227,定安县,海南省/定安县,2191,2,571200,active
2228,2228,屯昌县,海南省/屯昌县,2191,2,571600,active
2229,2229,澄迈县,海南省/澄迈县,2191,2,571900,active
2230,2230,临高县,海南省/临高县,2191,2,571800,active
2231,2231,白沙黎族自治县,海南省/白沙黎族自治县,2191,2,572800,active
2232,2232,昌江黎族自治县,海南省/昌江黎族自治县,2191,2,572700,active
2233,2233,乐东黎族自治县,海南省/乐东黎族自治县,2191,2,572500,active
2234,2234,陵水黎族自治县,海南省/陵水黎族自治县,2191,2,572400,active
2235,2235,保亭黎族苗族自治县,海南省/保亭黎族苗族自治县,2191,2,572300,active
2236,2236,琼中黎族苗族自治县,海南省/琼中黎族苗族自治县,2191,2,572900,active
2237,2237,重庆市,重庆市,NULL,1,400000,active
2238,2238,市辖区,重庆市/市辖区,2237,2,400000,active
2239,2239,万州区,重庆市/市辖区/万州区,2238,3,404000,active
2240,2240,涪陵区,重庆市/市辖区/涪陵区,2238,3,408000,active
2241,2241,渝中区,重庆市/市辖区/渝中区,2238,3,400010,active
2242,2242,大渡口区,重庆市/市辖区/大渡口区,2238,3,400080,active
2243,2243,江北区,重庆市/市辖区/江北区,2238,3,400020,active
2244,2244,沙坪坝区,重庆市/市辖区/沙坪坝区,2238,3,400030,active
2245,2245,九龙坡区,重庆市/市辖区/九龙坡区,2238,3,400050,active
2246,2246,南岸区,重庆市/市辖区/南岸区,2238,3,400064,active
2247,2247,北碚区,重庆市/市辖区/北碚区,2238,3,400700,active
2248,2248,綦江区,重庆市/市辖区/綦江区,2238,3,401420,active
2249,2249,大足区,重庆市/市辖区/大足区,2238,3,402360,active
2250,2250,渝北区,重庆市/市辖区/渝北区,2238,3,401120,active
2251,2251,巴南区,重庆市/市辖区/巴南区,2238,3,401320,active
2252,2252,黔江区,重庆市/市辖区/黔江区,2238,3,409000,active
2253,2253,长寿区,重庆市/市辖区/长寿区,2238,3,401220,active
2254,2254,江津区,重庆市/市辖区/江津区,2238,3,402260,active
2255,2255,合川区,重庆市/市辖区/合川区,2238,3,401520,active
2256,2256,永川区,重庆市/市辖区/永川区,2238,3,402160,active
2257,2257,南川区,重庆市/市辖区/南川区,2238,3,408400,active
2258,2258,璧山区,重庆市/市辖区/璧山区,2238,3,402760,active
2259,2259,铜梁区,重庆市/市辖区/铜梁区,2238,3,402560,active
2260,2260,潼南区,重庆市/市辖区/潼南区,2238,3,402660,active
2261,2261,荣昌区,重庆市/市辖区/荣昌区,2238,3,402460,active
2262,2262,开州区,重庆市/市辖区/开州区,2238,3,405400,active
2263,2263,梁平区,重庆市/市辖区/梁平区,2238,3,405200,active
2264,2264,武隆区,重庆市/市辖区/武隆区,2238,3,408500,active
2265,2265,城口县,重庆市/市辖区/城口县,2238,3,405900,active
2266,2266,丰都县,重庆市/市辖区/丰都县,2238,3,408200,active
2267,2267,垫江县,重庆市/市辖区/垫江县,2238,3,408300,active
2268,2268,忠县,重庆市/市辖区/忠县,2238,3,404300,active
2269,2269,云阳县,重庆市/市辖区/云阳县,2238,3,404500,active
2270,2270,奉节县,重庆市/市辖区/奉节县,2238,3,404600,active
2271,2271,巫山县,重庆市/市辖区/巫山县,2238,3,404700,active
2272,2272,巫溪县,重庆市/市辖区/巫溪县,2238,3,405800,active
2273,2273,石柱土家族自治县,重庆市/市辖区/石柱土家族自治县,2238,3,409100,active
2274,2274,秀山土家族苗族自治县,重庆市/市辖区/秀山土家族苗族自治县,2238,3,409900,active
2275,2275,酉阳土家族苗族自治县,重庆市/市辖区/酉阳土家族苗族自治县,2238,3,409800,active
2276,2276,彭水苗族土家族自治县,重庆市/市辖区/彭水苗族土家族自治县,2238,3,409600,active
2277,2277,四川省,四川省,NULL,1,610000,active
2278,2278,成都市,四川省/成都市,2277,2,610000,active
2279,2279,锦江区,四川省/成都市/锦江区,2278,3,610021,active
2280,2280,青羊区,四川省/成都市/青羊区,2278,3,610031,active
2281,2281,金牛区,四川省/成都市/金牛区,2278,3,610036,active
2282,2282,武侯区,四川省/成都市/武侯区,2278,3,610041,active
2283,2283,成华区,四川省/成都市/成华区,2278,3,610066,active
2284,2284,龙泉驿区,四川省/成都市/龙泉驿区,2278,3,610100,active
2285,2285,青白江区,四川省/成都市/青白江区,2278,3,610300,active
2286,2286,新都区,四川省/成都市/新都区,2278,3,610500,active
2287,2287,温江区,四川省/成都市/温江区,2278,3,611130,active
2288,2288,双流区,四川省/成都市/双流区,2278,3,610200,active
2289,2289,郫都区,四川省/成都市/郫都区,2278,3,611730,active
2290,2290,新津区,四川省/成都市/新津区,2278,3,611430,active
2291,2291,金堂县,四川省/成都市/金堂县,2278,3,610400,active
2292,2292,大邑县,四川省/成都市/大邑县,2278,3,611300,active
2293,2293,蒲江县,四川省/成都市/蒲江县,2278,3,611630,active
2294,2294,都江堰市,四川省/成都市/都江堰市,2278,3,611830,active
2295,2295,彭州市,四川省/成都市/彭州市,2278,3,611930,active
2296,2296,邛崃市,四川省/成都市/邛崃市,2278,3,611530,active
2297,2297,崇州市,四川省/成都市/崇州市,2278,3,611230,active
2298,2298,简阳市,四川省/成都市/简阳市,2278,3,641400,active
2299,2299,自贡市,四川省/自贡市,2277,2,643000,active
2300,2300,自流井区,四川省/自贡市/自流井区,2299,3,643000,active
2301,2301,贡井区,四川省/自贡市/贡井区,2299,3,643020,active
2302,2302,大安区,四川省/自贡市/大安区,2299,3,643010,active
2303,2303,沿滩区,四川省/自贡市/沿滩区,2299,3,643030,active
2304,2304,荣县,四川省/自贡市/荣县,2299,3,643100,active
2305,2305,富顺县,四川省/自贡市/富顺县,2299,3,643200,active
2306,2306,攀枝花市,四川省/攀枝花市,2277,2,617000,active
2307,2307,东区,四川省/攀枝花市/东区,2306,3,617067,active
2308,2308,西区,四川省/攀枝花市/西区,2306,3,617012,active
2309,2309,仁和区,四川省/攀枝花市/仁和区,2306,3,617061,active
2310,2310,米易县,四川省/攀枝花市/米易县,2306,3,617200,active
2311,2311,盐边县,四川省/攀枝花市/盐边县,2306,3,617100,active
2312,2312,泸州市,四川省/泸州市,2277,2,646000,active
2313,2313,江阳区,四川省/泸州市/江阳区,2312,3,646000,active
2314,2314,纳溪区,四川省/泸州市/纳溪区,2312,3,646300,active
2315,2315,龙马潭区,四川省/泸州市/龙马潭区,2312,3,646600,active
2316,2316,泸县,四川省/泸州市/泸县,2312,3,646100,active
2317,2317,合江县,四川省/泸州市/合江县,2312,3,646200,active
2318,2318,叙永县,四川省/泸州市/叙永县,2312,3,646400,active
2319,2319,古蔺县,四川省/泸州市/古蔺县,2312,3,646500,active
2320,2320,德阳市,四川省/德阳市,2277,2,618000,active
2321,2321,旌阳区,四川省/德阳市/旌阳区,2320,3,618000,active
2322,2322,罗江区,四川省/德阳市/罗江区,2320,3,618500,active
2323,2323,中江县,四川省/德阳市/中江县,2320,3,618100,active
2324,2324,广汉市,四川省/德阳市/广汉市,2320,3,618300,active
2325,2325,什邡市,四川省/德阳市/什邡市,2320,3,618400,active
2326,2326,绵竹市,四川省/德阳市/绵竹市,2320,3,618200,active
2327,2327,绵阳市,四川省/绵阳市,2277,2,621000,active
2328,2328,涪城区,四川省/绵阳市/涪城区,2327,3,621000,active
2329,2329,游仙区,四川省/绵阳市/游仙区,2327,3,621000,active
2330,2330,安州区,四川省/绵阳市/安州区,2327,3,622650,active
2331,2331,三台县,四川省/绵阳市/三台县,2327,3,621100,active
2332,2332,盐亭县,四川省/绵阳市/盐亭县,2327,3,621600,active
2333,2333,梓潼县,四川省/绵阳市/梓潼县,2327,3,622150,active
2334,2334,北川羌族自治县,四川省/绵阳市/北川羌族自治县,2327,3,622750,active
2335,2335,平武县,四川省/绵阳市/平武县,2327,3,622550,active
2336,2336,江油市,四川省/绵阳市/江油市,2327,3,621700,active
2337,2337,广元市,四川省/广元市,2277,2,628000,active
2338,2338,利州区,四川省/广元市/利州区,2337,3,628001,active
2339,2339,昭化区,四川省/广元市/昭化区,2337,3,628021,active
2340,2340,朝天区,四川省/广元市/朝天区,2337,3,628022,active
2341,2341,旺苍县,四川省/广元市/旺苍县,2337,3,628200,active
2342,2342,青川县,四川省/广元市/青川县,2337,3,628100,active
2343,2343,剑阁县,四川省/广元市/剑阁县,2337,3,628300,active
2344,2344,苍溪县,四川省/广元市/苍溪县,2337,3,628400,active
2345,2345,遂宁市,四川省/遂宁市,2277,2,629000,active
2346,2346,船山区,四川省/遂宁市/船山区,2345,3,629000,active
2347,2347,安居区,四川省/遂宁市/安居区,2345,3,629000,active
2348,2348,蓬溪县,四川省/遂宁市/蓬溪县,2345,3,629100,active
2349,2349,大英县,四川省/遂宁市/大英县,2345,3,629300,active
2350,2350,射洪市,四川省/遂宁市/射洪市,2345,3,629200,active
2351,2351,内江市,四川省/内江市,2277,2,641000,active
2352,2352,市中区,四川省/内江市/市中区,2351,3,641000,active
2353,2353,东兴区,四川省/内江市/东兴区,2351,3,641100,active
2354,2354,威远县,四川省/内江市/威远县,2351,3,642450,active
2355,2355,资中县,四川省/内江市/资中县,2351,3,641200,active
2356,2356,隆昌市,四川省/内江市/隆昌市,2351,3,642150,active
2357,2357,乐山市,四川省/乐山市,2277,2,614000,active
2358,2358,市中区,四川省/乐山市/市中区,2357,3,614000,active
2359,2359,沙湾区,四川省/乐山市/沙湾区,2357,3,614900,active
2360,2360,五通桥区,四川省/乐山市/五通桥区,2357,3,614800,active
2361,2361,金口河区,四川省/乐山市/金口河区,2357,3,614700,active
2362,2362,犍为县,四川省/乐山市/犍为县,2357,3,614400,active
2363,2363,井研县,四川省/乐山市/井研县,2357,3,614100,active
2364,2364,夹江县,四川省/乐山市/夹江县,2357,3,614100,active
2365,2365,沐川县,四川省/乐山市/沐川县,2357,3,614500,active
2366,2366,峨边彝族自治县,四川省/乐山市/峨边彝族自治县,2357,3,614300,active
2367,2367,马边彝族自治县,四川省/乐山市/马边彝族自治县,2357,3,614600,active
2368,2368,峨眉山市,四川省/乐山市/峨眉山市,2357,3,614200,active
2369,2369,南充市,四川省/南充市,2277,2,637000,active
2370,2370,顺庆区,四川省/南充市/顺庆区,2369,3,637000,active
2371,2371,高坪区,四川省/南充市/高坪区,2369,3,637100,active
2372,2372,嘉陵区,四川省/南充市/嘉陵区,2369,3,637100,active
2373,2373,南部县,四川省/南充市/南部县,2369,3,637300,active
2374,2374,营山县,四川省/南充市/营山县,2369,3,638150,active
2375,2375,蓬安县,四川省/南充市/蓬安县,2369,3,638250,active
2376,2376,仪陇县,四川省/南充市/仪陇县,2369,3,637600,active
2377,2377,西充县,四川省/南充市/西充县,2369,3,637200,active
2378,2378,阆中市,四川省/南充市/阆中市,2369,3,637400,active
2379,2379,眉山市,四川省/眉山市,2277,2,620010,active
2380,2380,东坡区,四川省/眉山市/东坡区,2379,3,620010,active
2381,2381,彭山区,四川省/眉山市/彭山区,2379,3,620860,active
2382,2382,仁寿县,四川省/眉山市/仁寿县,2379,3,620500,active
2383,2383,洪雅县,四川省/眉山市/洪雅县,2379,3,620360,active
2384,2384,丹棱县,四川省/眉山市/丹棱县,2379,3,620200,active
2385,2385,青神县,四川省/眉山市/青神县,2379,3,620460,active
2386,2386,宜宾市,四川省/宜宾市,2277,2,644000,active
2387,2387,翠屏区,四川省/宜宾市/翠屏区,2386,3,644000,active
2388,2388,南溪区,四川省/宜宾市/南溪区,2386,3,644100,active
2389,2389,叙州区,四川省/宜宾市/叙州区,2386,3,644600,active
2390,2390,江安县,四川省/宜宾市/江安县,2386,3,644200,active
2391,2391,长宁县,四川省/宜宾市/长宁县,2386,3,644300,active
2392,2392,高县,四川省/宜宾市/高县,2386,3,644250,active
2393,2393,珙县,四川省/宜宾市/珙县,2386,3,644500,active
2394,2394,筠连县,四川省/宜宾市/筠连县,2386,3,645250,active
2395,2395,兴文县,四川省/宜宾市/兴文县,2386,3,644400,active
2396,2396,屏山县,四川省/宜宾市/屏山县,2386,3,644350,active
2397,2397,广安市,四川省/广安市,2277,2,638000,active
2398,2398,广安区,四川省/广安市/广安区,2397,3,638000,active
2399,2399,前锋区,四川省/广安市/前锋区,2397,3,638019,active
2400,2400,岳池县,四川省/广安市/岳池县,2397,3,638300,active
2401,2401,武胜县,四川省/广安市/武胜县,2397,3,638400,active
2402,2402,邻水县,四川省/广安市/邻水县,2397,3,638500,active
2403,2403,华蓥市,四川省/广安市/华蓥市,2397,3,638600,active
2404,2404,达州市,四川省/达州市,2277,2,635000,active
2405,2405,通川区,四川省/达州市/通川区,2404,3,635000,active
2406,2406,达川区,四川省/达州市/达川区,2404,3,635000,active
2407,2407,宣汉县,四川省/达州市/宣汉县,2404,3,636150,active
2408,2408,开江县,四川省/达州市/开江县,2404,3,636250,active
2409,2409,大竹县,四川省/达州市/大竹县,2404,3,635100,active
2410,2410,渠县,四川省/达州市/渠县,2404,3,635200,active
2411,2411,万源市,四川省/达州市/万源市,2404,3,636350,active
2412,2412,雅安市,四川省/雅安市,2277,2,625000,active
2413,2413,雨城区,四川省/雅安市/雨城区,2412,3,625000,active
2414,2414,名山区,四川省/雅安市/名山区,2412,3,625100,active
2415,2415,荥经县,四川省/雅安市/荥经县,2412,3,625200,active
2416,2416,汉源县,四川省/雅安市/汉源县,2412,3,625300,active
2417,2417,石棉县,四川省/雅安市/石棉县,2412,3,625400,active
2418,2418,天全县,四川省/雅安市/天全县,2412,3,625500,active
2419,2419,芦山县,四川省/雅安市/芦山县,2412,3,625600,active
2420,2420,宝兴县,四川省/雅安市/宝兴县,2412,3,625700,active
2421,2421,巴中市,四川省/巴中市,2277,2,636000,active
2422,2422,巴州区,四川省/巴中市/巴州区,2421,3,636001,active
2423,2423,恩阳区,四川省/巴中市/恩阳区,2421,3,636064,active
2424,2424,通江县,四川省/巴中市/通江县,2421,3,636700,active
2425,2425,南江县,四川省/巴中市/南江县,2421,3,636600,active
2426,2426,平昌县,四川省/巴中市/平昌县,2421,3,636400,active
2427,2427,资阳市,四川省/资阳市,2277,2,641300,active
2428,2428,雁江区,四川省/资阳市/雁江区,2427,3,641300,active
2429,2429,安岳县,四川省/资阳市/安岳县,2427,3,642350,active
2430,2430,乐至县,四川省/资阳市/乐至县,2427,3,641500,active
2431,2431,阿坝藏族羌族自治州,四川省/阿坝藏族羌族自治州,2277,2,624000,active
2432,2432,马尔康市,四川省/阿坝藏族羌族自治州/马尔康市,2431,3,624000,active
2433,2433,汶川县,四川省/阿坝藏族羌族自治州/汶川县,2431,3,623000,active
2434,2434,理县,四川省/阿坝藏族羌族自治州/理县,2431,3,623100,active
2435,2435,茂县,四川省/阿坝藏族羌族自治州/茂县,2431,3,623200,active
2436,2436,松潘县,四川省/阿坝藏族羌族自治州/松潘县,2431,3,623300,active
2437,2437,九寨沟县,四川省/阿坝藏族羌族自治州/九寨沟县,2431,3,623400,active
2438,2438,金川县,四川省/阿坝藏族羌族自治州/金川县,2431,3,624100,active
2439,2439,小金县,四川省/阿坝藏族羌族自治州/小金县,2431,3,624200,active
2440,2440,黑水县,四川省/阿坝藏族羌族自治州/黑水县,2431,3,623500,active
2441,2441,壤塘县,四川省/阿坝藏族羌族自治州/壤塘县,2431,3,624300,active
2442,2442,阿坝县,四川省/阿坝藏族羌族自治州/阿坝县,2431,3,624600,active
2443,2443,若尔盖县,四川省/阿坝藏族羌族自治州/若尔盖县,2431,3,624500,active
2444,2444,红原县,四川省/阿坝藏族羌族自治州/红原县,2431,3,624400,active
2445,2445,甘孜藏族自治州,四川省/甘孜藏族自治州,2277,2,626000,active
2446,2446,康定市,四川省/甘孜藏族自治州/康定市,2445,3,626000,active
2447,2447,泸定县,四川省/甘孜藏族自治州/泸定县,2445,3,626100,active
2448,2448,丹巴县,四川省/甘孜藏族自治州/丹巴县,2445,3,626300,active
2449,2449,九龙县,四川省/甘孜藏族自治州/九龙县,2445,3,616200,active
2450,2450,雅江县,四川省/甘孜藏族自治州/雅江县,2445,3,627450,active
2451,2451,道孚县,四川省/甘孜藏族自治州/道孚县,2445,3,626400,active
2452,2452,理塘县,四川省/甘孜藏族自治州/理塘县,2445,3,627550,active
2453,2453,巴塘县,四川省/甘孜藏族自治州/巴塘县,2445,3,627650,active
2454,2454,乡城县,四川省/甘孜藏族自治州/乡城县,2445,3,627850,active
2455,2455,稻城县,四川省/甘孜藏族自治州/稻城县,2445,3,627750,active
2456,2456,得荣县,四川省/甘孜藏族自治州/得荣县,2445,3,627950,active
2457,2457,凉山彝族自治州,四川省/凉山彝族自治州,2277,2,615000,active
2458,2458,西昌市,四川省/凉山彝族自治州/西昌市,2457,3,615000,active
2459,2459,木里藏族自治县,四川省/凉山彝族自治州/木里藏族自治县,2457,3,615800,active
2460,2460,盐源县,四川省/凉山彝族自治州/盐源县,2457,3,615700,active
2461,2461,德昌县,四川省/凉山彝族自治州/德昌县,2457,3,615500,active
2462,2462,会理市,四川省/凉山彝族自治州/会理市,2457,3,615100,active
2463,2463,会东县,四川省/凉山彝族自治州/会东县,2457,3,615200,active
2464,2464,宁南县,四川省/凉山彝族自治州/宁南县,2457,3,615400,active
2465,2465,普格县,四川省/凉山彝族自治州/普格县,2457,3,615300,active
2466,2466,布拖县,四川省/凉山彝族自治州/布拖县,2457,3,615350,active
2467,2467,金阳县,四川省/凉山彝族自治州/金阳县,2457,3,616250,active
2468,2468,昭觉县,四川省/凉山彝族自治州/昭觉县,2457,3,616150,active
2469,2469,喜德县,四川省/凉山彝族自治州/喜德县,2457,3,616750,active
2470,2470,冕宁县,四川省/凉山彝族自治州/冕宁县,2457,3,615600,active
2471,2471,越西县,四川省/凉山彝族自治州/越西县,2457,3,616650,active
2472,2472,甘洛县,四川省/凉山彝族自治州/甘洛县,2457,3,616850,active
2473,2473,美姑县,四川省/凉山彝族自治州/美姑县,2457,3,616450,active
2474,2474,雷波县,四川省/凉山彝族自治州/雷波县,2457,3,616550,active
2475,2475,贵州省,贵州省,NULL,1,550000,active
2476,2476,贵阳市,贵州省/贵阳市,2475,2,550000,active
2477,2477,南明区,贵州省/贵阳市/南明区,2476,3,550001,active
2478,2478,云岩区,贵州省/贵阳市/云岩区,2476,3,550001,active
2479,2479,花溪区,贵州省/贵阳市/花溪区,2476,3,550025,active
2480,2480,乌当区,贵州省/贵阳市/乌当区,2476,3,550018,active
2481,2481,白云区,贵州省/贵阳市/白云区,2476,3,550014,active
2482,2482,观山湖区,贵州省/贵阳市/观山湖区,2476,3,550009,active
2483,2483,开阳县,贵州省/贵阳市/开阳县,2476,3,550300,active
2484,2484,息烽县,贵州省/贵阳市/息烽县,2476,3,551100,active
2485,2485,修文县,贵州省/贵阳市/修文县,2476,3,550200,active
2486,2486,清镇市,贵州省/贵阳市/清镇市,2476,3,551400,active
2487,2487,六盘水市,贵州省/六盘水市,2475,2,553000,active
2488,2488,钟山区,贵州省/六盘水市/钟山区,2487,3,553000,active
2489,2489,六枝特区,贵州省/六盘水市/六枝特区,2487,3,553400,active
2490,2490,水城区,贵州省/六盘水市/水城区,2487,3,553600,active
2491,2491,盘州市,贵州省/六盘水市/盘州市,2487,3,561600,active
2492,2492,遵义市,贵州省/遵义市,2475,2,563000,active
2493,2493,红花岗区,贵州省/遵义市/红花岗区,2492,3,563000,active
2494,2494,汇川区,贵州省/遵义市/汇川区,2492,3,563000,active
2495,2495,播州区,贵州省/遵义市/播州区,2492,3,563100,active
2496,2496,桐梓县,贵州省/遵义市/桐梓县,2492,3,563200,active
2497,2497,绥阳县,贵州省/遵义市/绥阳县,2492,3,563300,active
2498,2498,正安县,贵州省/遵义市/正安县,2492,3,563400,active
2499,2499,道真仡佬族苗族自治县,贵州省/遵义市/道真仡佬族苗族自治县,2492,3,563500,active
2500,2500,务川仡佬族苗族自治县,贵州省/遵义市/务川仡佬族苗族自治县,2492,3,563600,active
2501,2501,凤冈县,贵州省/遵义市/凤冈县,2492,3,564200,active
2502,2502,湄潭县,贵州省/遵义市/湄潭县,2492,3,564100,active
2503,2503,余庆县,贵州省/遵义市/余庆县,2492,3,564400,active
2504,2504,习水县,贵州省/遵义市/习水县,2492,3,564600,active
2505,2505,赤水市,贵州省/遵义市/赤水市,2492,3,564700,active
2506,2506,仁怀市,贵州省/遵义市/仁怀市,2492,3,564500,active
2507,2507,安顺市,贵州省/安顺市,2475,2,561000,active
2508,2508,西秀区,贵州省/安顺市/西秀区,2507,3,561000,active
2509,2509,平坝区,贵州省/安顺市/平坝区,2507,3,561100,active
2510,2510,普定县,贵州省/安顺市/普定县,2507,3,562100,active
2511,2511,镇宁布依族苗族自治县,贵州省/安顺市/镇宁布依族苗族自治县,2507,3,561200,active
2512,2512,关岭布依族苗族自治县,贵州省/安顺市/关岭布依族苗族自治县,2507,3,561300,active
2513,2513,紫云苗族布依族自治县,贵州省/安顺市/紫云苗族布依族自治县,2507,3,550800,active
2514,2514,毕节市,贵州省/毕节市,2475,2,551700,active
2515,2515,七星关区,贵州省/毕节市/七星关区,2514,3,551700,active
2516,2516,大方县,贵州省/毕节市/大方县,2514,3,551600,active
2517,2517,黔西市,贵州省/毕节市/黔西市,2514,3,551500,active
2518,2518,金沙县,贵州省/毕节市/金沙县,2514,3,551800,active
2519,2519,织金县,贵州省/毕节市/织金县,2514,3,552100,active
2520,2520,纳雍县,贵州省/毕节市/纳雍县,2514,3,553300,active
2521,2521,威宁彝族回族苗族自治县,贵州省/毕节市/威宁彝族回族苗族自治县,2514,3,553100,active
2522,2522,赫章县,贵州省/毕节市/赫章县,2514,3,553200,active
2523,2523,铜仁市,贵州省/铜仁市,2475,2,554300,active
2524,2524,碧江区,贵州省/铜仁市/碧江区,2523,3,554300,active
2525,2525,万山区,贵州省/铜仁市/万山区,2523,3,554200,active
2526,2526,江口县,贵州省/铜仁市/江口县,2523,3,554400,active
2527,2527,玉屏侗族自治县,贵州省/铜仁市/玉屏侗族自治县,2523,3,554000,active
2528,2528,石阡县,贵州省/铜仁市/石阡县,2523,3,555100,active
2529,2529,思南县,贵州省/铜仁市/思南县,2523,3,565100,active
2530,2530,印江土家族苗族自治县,贵州省/铜仁市/印江土家族苗族自治县,2523,3,565200,active
2531,2531,德江县,贵州省/铜仁市/德江县,2523,3,565200,active
2532,2532,沿河土家族自治县,贵州省/铜仁市/沿河土家族自治县,2523,3,565300,active
2533,2533,松桃苗族自治县,贵州省/铜仁市/松桃苗族自治县,2523,3,554100,active
2534,2534,黔西南布依族苗族自治州,贵州省/黔西南布依族苗族自治州,2475,2,562400,active
2535,2535,兴义市,贵州省/黔西南布依族苗族自治州/兴义市,2534,3,562400,active
2536,2536,兴仁市,贵州省/黔西南布依族苗族自治州/兴仁市,2534,3,562300,active
2537,2537,普安县,贵州省/黔西南布依族苗族自治州/普安县,2534,3,561500,active
2538,2538,晴隆县,贵州省/黔西南布依族苗族自治州/晴隆县,2534,3,561400,active
2539,2539,贞丰县,贵州省/黔西南布依族苗族自治州/贞丰县,2534,3,562200,active
2540,2540,望谟县,贵州省/黔西南布依族苗族自治州/望谟县,2534,3,552300,active
2541,2541,册亨县,贵州省/黔西南布依族苗族自治州/册亨县,2534,3,552200,active
2542,2542,安龙县,贵州省/黔西南布依族苗族自治州/安龙县,2534,3,552400,active
2543,2543,黔东南苗族侗族自治州,贵州省/黔东南苗族侗族自治州,2475,2,556000,active
2544,2544,凯里市,贵州省/黔东南苗族侗族自治州/凯里市,2543,3,556000,active
2545,2545,黄平县,贵州省/黔东南苗族侗族自治州/黄平县,2543,3,556100,active
2546,2546,施秉县,贵州省/黔东南苗族侗族自治州/施秉县,2543,3,556200,active
2547,2547,三穗县,贵州省/黔东南苗族侗族自治州/三穗县,2543,3,556500,active
2548,2548,镇远县,贵州省/黔东南苗族侗族自治州/镇远县,2543,3,557700,active
2549,2549,岑巩县,贵州省/黔东南苗族侗族自治州/岑巩县,2543,3,557800,active
2550,2550,天柱县,贵州省/黔东南苗族侗族自治州/天柱县,2543,3,556600,active
2551,2551,锦屏县,贵州省/黔东南苗族侗族自治州/锦屏县,2543,3,556700,active
2552,2552,剑河县,贵州省/黔东南苗族侗族自治州/剑河县,2543,3,556400,active
2553,2553,台江县,贵州省/黔东南苗族侗族自治州/台江县,2543,3,556300,active
2554,2554,黎平县,贵州省/黔东南苗族侗族自治州/黎平县,2543,3,557300,active
2555,2555,榕江县,贵州省/黔东南苗族侗族自治州/榕江县,2543,3,557200,active
2556,2556,从江县,贵州省/黔东南苗族侗族自治州/从江县,2543,3,557400,active
2557,2557,雷山县,贵州省/黔东南苗族侗族自治州/雷山县,2543,3,557100,active
2558,2558,麻江县,贵州省/黔东南苗族侗族自治州/麻江县,2543,3,557600,active
2559,2559,丹寨县,贵州省/黔东南苗族侗族自治州/丹寨县,2543,3,557500,active
2560,2560,黔南布依族苗族自治州,贵州省/黔南布依族苗族自治州,2475,2,558000,active
2561,2561,都匀市,贵州省/黔南布依族苗族自治州/都匀市,2560,3,558000,active
2562,2562,福泉市,贵州省/黔南布依族苗族自治州/福泉市,2560,3,550500,active
2563,2563,荔波县,贵州省/黔南布依族苗族自治州/荔波县,2560,3,558400,active
2564,2564,贵定县,贵州省/黔南布依族苗族自治州/贵定县,2560,3,551300,active
2565,2565,瓮安县,贵州省/黔南布依族苗族自治州/瓮安县,2560,3,550400,active
2566,2566,独山县,贵州省/黔南布依族苗族自治州/独山县,2560,3,558200,active
2567,2567,平塘县,贵州省/黔南布依族苗族自治州/平塘县,2560,3,558300,active
2568,2568,罗甸县,贵州省/黔南布依族苗族自治州/罗甸县,2560,3,550100,active
2569,2569,长顺县,贵州省/黔南布依族苗族自治州/长顺县,2560,3,550700,active
2570,2570,龙里县,贵州省/黔南布依族苗族自治州/龙里县,2560,3,551200,active
2571,2571,惠水县,贵州省/黔南布依族苗族自治州/惠水县,2560,3,550600,active
2572,2572,三都水族自治县,贵州省/黔南布依族苗族自治州/三都水族自治县,2560,3,558100,active
2573,2573,云南省,云南省,NULL,1,650000,active
2574,2574,昆明市,云南省/昆明市,2573,2,650000,active
2575,2575,五华区,云南省/昆明市/五华区,2574,3,650031,active
2576,2576,盘龙区,云南省/昆明市/盘龙区,2574,3,650051,active
2577,2577,官渡区,云南省/昆明市/官渡区,2574,3,650220,active
2578,2578,西山区,云南省/昆明市/西山区,2574,3,650100,active
2579,2579,东川区,云南省/昆明市/东川区,2574,3,654100,active
2580,2580,呈贡区,云南省/昆明市/呈贡区,2574,3,650500,active
2581,2581,晋宁区,云南省/昆明市/晋宁区,2574,3,650600,active
2582,2582,富民县,云南省/昆明市/富民县,2574,3,650400,active
2583,2583,宜良县,云南省/昆明市/宜良县,2574,3,652100,active
2584,2584,石林彝族自治县,云南省/昆明市/石林彝族自治县,2574,3,652200,active
2585,2585,嵩明县,云南省/昆明市/嵩明县,2574,3,651700,active
2586,2586,禄劝彝族苗族自治县,云南省/昆明市/禄劝彝族苗族自治县,2574,3,651500,active
2587,2587,寻甸回族彝族自治县,云南省/昆明市/寻甸回族彝族自治县,2574,3,655200,active
2588,2588,安宁市,云南省/昆明市/安宁市,2574,3,650300,active
2589,2589,曲靖市,云南省/曲靖市,2573,2,655000,active
2590,2590,麒麟区,云南省/曲靖市/麒麟区,2589,3,655000,active
2591,2591,沾益区,云南省/曲靖市/沾益区,2589,3,655500,active
2592,2592,马龙区,云南省/曲靖市/马龙区,2589,3,655100,active
2593,2593,陆良县,云南省/曲靖市/陆良县,2589,3,655600,active
2594,2594,师宗县,云南省/曲靖市/师宗县,2589,3,655700,active
2595,2595,罗平县,云南省/曲靖市/罗平县,2589,3,655800,active
2596,2596,富源县,云南省/曲靖市/富源县,2589,3,655500,active
2597,2597,会泽县,云南省/曲靖市/会泽县,2589,3,654200,active
2598,2598,宣威市,云南省/曲靖市/宣威市,2589,3,655400,active
2599,2599,玉溪市,云南省/玉溪市,2573,2,653100,active
2600,2600,红塔区,云南省/玉溪市/红塔区,2599,3,653100,active
2601,2601,江川区,云南省/玉溪市/江川区,2599,3,652600,active
2602,2602,澄江市,云南省/玉溪市/澄江市,2599,3,652500,active
2603,2603,通海县,云南省/玉溪市/通海县,2599,3,652700,active
2604,2604,华宁县,云南省/玉溪市/华宁县,2599,3,652800,active
2605,2605,易门县,云南省/玉溪市/易门县,2599,3,651100,active
2606,2606,峨山彝族自治县,云南省/玉溪市/峨山彝族自治县,2599,3,653200,active
2607,2607,新平彝族傣族自治县,云南省/玉溪市/新平彝族傣族自治县,2599,3,653400,active
2608,2608,元江哈尼族彝族傣族自治县,云南省/玉溪市/元江哈尼族彝族傣族自治县,2599,3,653300,active
2609,2609,保山市,云南省/保山市,2573,2,678000,active
2610,2610,隆阳区,云南省/保山市/隆阳区,2609,3,678000,active
2611,2611,施甸县,云南省/保山市/施甸县,2609,3,678200,active
2612,2612,龙陵县,云南省/保山市/龙陵县,2609,3,678300,active
2613,2613,昌宁县,云南省/保山市/昌宁县,2609,3,678100,active
2614,2614,腾冲市,云南省/保山市/腾冲市,2609,3,679100,active
2615,2615,昭通市,云南省/昭通市,2573,2,657000,active
2616,2616,昭阳区,云南省/昭通市/昭阳区,2615,3,657000,active
2617,2617,鲁甸县,云南省/昭通市/鲁甸县,2615,3,657100,active
2618,2618,巧家县,云南省/昭通市/巧家县,2615,3,654600,active
2619,2619,盐津县,云南省/昭通市/盐津县,2615,3,657500,active
2620,2620,大关县,云南省/昭通市/大关县,2615,3,657400,active
2621,2621,永善县,云南省/昭通市/永善县,2615,3,657300,active
2622,2622,绥江县,云南省/昭通市/绥江县,2615,3,657700,active
2623,2623,镇雄县,云南省/昭通市/镇雄县,2615,3,657200,active
2624,2624,彝良县,云南省/昭通市/彝良县,2615,3,657600,active
2625,2625,威信县,云南省/昭通市/威信县,2615,3,657900,active
2626,2626,水富市,云南省/昭通市/水富市,2615,3,657800,active
2627,2627,丽江市,云南省/丽江市,2573,2,674100,active
2628,2628,古城区,云南省/丽江市/古城区,2627,3,674100,active
2629,2629,玉龙纳西族自治县,云南省/丽江市/玉龙纳西族自治县,2627,3,674100,active
2630,2630,永胜县,云南省/丽江市/永胜县,2627,3,674200,active
2631,2631,华坪县,云南省/丽江市/华坪县,2627,3,674800,active
2632,2632,宁蒗彝族自治县,云南省/丽江市/宁蒗彝族自治县,2627,3,674300,active
2633,2633,普洱市,云南省/普洱市,2573,2,665000,active
2634,2634,思茅区,云南省/普洱市/思茅区,2633,3,665000,active
2635,2635,宁洱哈尼族彝族自治县,云南省/普洱市/宁洱哈尼族彝族自治县,2633,3,665100,active
2636,2636,墨江哈尼族自治县,云南省/普洱市/墨江哈尼族自治县,2633,3,654800,active
2637,2637,景东彝族自治县,云南省/普洱市/景东彝族自治县,2633,3,676200,active
2638,2638,景谷傣族彝族自治县,云南省/普洱市/景谷傣族彝族自治县,2633,3,666400,active
2639,2639,镇沅彝族哈尼族拉祜族自治县,云南省/普洱市/镇沅彝族哈尼族拉祜族自治县,2633,3,666500,active
2640,2640,江城哈尼族彝族自治县,云南省/普洱市/江城哈尼族彝族自治县,2633,3,665900,active
2641,2641,孟连傣族拉祜族佤族自治县,云南省/普洱市/孟连傣族拉祜族佤族自治县,2633,3,665800,active
2642,2642,澜沧拉祜族自治县,云南省/普洱市/澜沧拉祜族自治县,2633,3,665600,active
2643,2643,西盟佤族自治县,云南省/普洱市/西盟佤族自治县,2633,3,665700,active
2644,2644,临沧市,云南省/临沧市,2573,2,677000,active
2645,2645,临翔区,云南省/临沧市/临翔区,2644,3,677000,active
2646,2646,凤庆县,云南省/临沧市/凤庆县,2644,3,675900,active
2647,2647,云县,云南省/临沧市/云县,2644,3,675800,active
2648,2648,永德县,云南省/临沧市/永德县,2644,3,677600,active
2649,2649,镇康县,云南省/临沧市/镇康县,2644,3,677700,active
2650,2650,双江拉祜族佤族布朗族傣族自治县,云南省/临沧市/双江拉祜族佤族布朗族傣族自治县,2644,3,677300,active
2651,2651,耿马傣族佤族自治县,云南省/临沧市/耿马傣族佤族自治县,2644,3,677500,active
2652,2652,沧源佤族自治县,云南省/临沧市/沧源佤族自治县,2644,3,677400,active
2653,2653,楚雄彝族自治州,云南省/楚雄彝族自治州,2573,2,675000,active
2654,2654,楚雄市,云南省/楚雄彝族自治州/楚雄市,2653,3,675000,active
2655,2655,禄丰市,云南省/楚雄彝族自治州/禄丰市,2653,3,651200,active
2656,2656,双柏县,云南省/楚雄彝族自治州/双柏县,2653,3,675100,active
2657,2657,牟定县,云南省/楚雄彝族自治州/牟定县,2653,3,675500,active
2658,2658,南华县,云南省/楚雄彝族自治州/南华县,2653,3,675200,active
2659,2659,姚安县,云南省/楚雄彝族自治州/姚安县,2653,3,675300,active
2660,2660,大姚县,云南省/楚雄彝族自治州/大姚县,2653,3,675400,active
2661,2661,永仁县,云南省/楚雄彝族自治州/永仁县,2653,3,651400,active
2662,2662,元谋县,云南省/楚雄彝族自治州/元谋县,2653,3,651300,active
2663,2663,武定县,云南省/楚雄彝族自治州/武定县,2653,3,651600,active
2664,2664,红河哈尼族彝族自治州,云南省/红河哈尼族彝族自治州,2573,2,661400,active
2665,2665,个旧市,云南省/红河哈尼族彝族自治州/个旧市,2664,3,661000,active
2666,2666,开远市,云南省/红河哈尼族彝族自治州/开远市,2664,3,661600,active
2667,2667,蒙自市,云南省/红河哈尼族彝族自治州/蒙自市,2664,3,661100,active
2668,2668,弥勒市,云南省/红河哈尼族彝族自治州/弥勒市,2664,3,652300,active
2669,2669,屏边苗族自治县,云南省/红河哈尼族彝族自治州/屏边苗族自治县,2664,3,661200,active
2670,2670,建水县,云南省/红河哈尼族彝族自治州/建水县,2664,3,654300,active
2671,2671,石屏县,云南省/红河哈尼族彝族自治州/石屏县,2664,3,662200,active
2672,2672,泸西县,云南省/红河哈尼族彝族自治州/泸西县,2664,3,652400,active
2673,2673,元阳县,云南省/红河哈尼族彝族自治州/元阳县,2664,3,662400,active
2674,2674,红河县,云南省/红河哈尼族彝族自治州/红河县,2664,3,654400,active
2675,2675,金平苗族瑶族傣族自治县,云南省/红河哈尼族彝族自治州/金平苗族瑶族傣族自治县,2664,3,661500,active
2676,2676,绿春县,云南省/红河哈尼族彝族自治州/绿春县,2664,3,662500,active
2677,2677,河口瑶族自治县,云南省/红河哈尼族彝族自治州/河口瑶族自治县,2664,3,661300,active
2678,2678,文山壮族苗族自治州,云南省/文山壮族苗族自治州,2573,2,663000,active
2679,2679,文山市,云南省/文山壮族苗族自治州/文山市,2678,3,663000,active
2680,2680,砚山县,云南省/文山壮族苗族自治州/砚山县,2678,3,663100,active
2681,2681,西畴县,云南省/文山壮族苗族自治州/西畴县,2678,3,663500,active
2682,2682,麻栗坡县,云南省/文山壮族苗族自治州/麻栗坡县,2678,3,663600,active
2683,2683,马关县,云南省/文山壮族苗族自治州/马关县,2678,3,663700,active
2684,2684,丘北县,云南省/文山壮族苗族自治州/丘北县,2678,3,663200,active
2685,2685,广南县,云南省/文山壮族苗族自治州/广南县,2678,3,663300,active
2686,2686,富宁县,云南省/文山壮族苗族自治州/富宁县,2678,3,663400,active
2687,2687,西双版纳傣族自治州,云南省/西双版纳傣族自治州,2573,2,666100,active
2688,2688,景洪市,云南省/西双版纳傣族自治州/景洪市,2687,3,666100,active
2689,2689,勐海县,云南省/西双版纳傣族自治州/勐海县,2687,3,666200,active
2690,2690,勐腊县,云南省/西双版纳傣族自治州/勐腊县,2687,3,666300,active
2691,2691,大理白族自治州,云南省/大理白族自治州,2573,2,671000,active
2692,2692,大理市,云南省/大理白族自治州/大理市,2691,3,671000,active
2693,2693,漾濞彝族自治县,云南省/大理白族自治州/漾濞彝族自治县,2691,3,672500,active
2694,2694,祥云县,云南省/大理白族自治州/祥云县,2691,3,672100,active
2695,2695,宾川县,云南省/大理白族自治州/宾川县,2691,3,671600,active
2696,2696,弥渡县,云南省/大理白族自治州/弥渡县,2691,3,675600,active
2697,2697,南涧彝族自治县,云南省/大理白族自治州/南涧彝族自治县,2691,3,675700,active
2698,2698,巍山彝族回族自治县,云南省/大理白族自治州/巍山彝族回族自治县,2691,3,672400,active
2699,2699,永平县,云南省/大理白族自治州/永平县,2691,3,672600,active
2700,2700,云龙县,云南省/大理白族自治州/云龙县,2691,3,672700,active
2701,2701,洱源县,云南省/大理白族自治州/洱源县,2691,3,671200,active
2702,2702,剑川县,云南省/大理白族自治州/剑川县,2691,3,671300,active
2703,2703,鹤庆县,云南省/大理白族自治州/鹤庆县,2691,3,671500,active
2704,2704,德宏傣族景颇族自治州,云南省/德宏傣族景颇族自治州,2573,2,678400,active
2705,2705,瑞丽市,云南省/德宏傣族景颇族自治州/瑞丽市,2704,3,678600,active
2706,2706,芒市,云南省/德宏傣族景颇族自治州/芒市,2704,3,678400,active
2707,2707,梁河县,云南省/德宏傣族景颇族自治州/梁河县,2704,3,679200,active
2708,2708,盈江县,云南省/德宏傣族景颇族自治州/盈江县,2704,3,679300,active
2709,2709,陇川县,云南省/德宏傣族景颇族自治州/陇川县,2704,3,678700,active
2710,2710,怒江傈僳族自治州,云南省/怒江傈僳族自治州,2573,2,673100,active
2711,2711,泸水市,云南省/怒江傈僳族自治州/泸水市,2710,3,673100,active
2712,2712,福贡县,云南省/怒江傈僳族自治州/福贡县,2710,3,673400,active
2713,2713,贡山独龙族怒族自治县,云南省/怒江傈僳族自治州/贡山独龙族怒族自治县,2710,3,673500,active
2714,2714,兰坪白族普米族自治县,云南省/怒江傈僳族自治州/兰坪白族普米族自治县,2710,3,671400,active
2715,2715,迪庆藏族自治州,云南省/迪庆藏族自治州,2573,2,674400,active
2716,2716,香格里拉市,云南省/迪庆藏族自治州/香格里拉市,2715,3,674400,active
2717,2717,德钦县,云南省/迪庆藏族自治州/德钦县,2715,3,674500,active
2718,2718,维西傈僳族自治县,云南省/迪庆藏族自治州/维西傈僳族自治县,2715,3,674600,active
2719,2719,西藏自治区,西藏自治区,NULL,1,850000,active
2720,2720,拉萨市,西藏自治区/拉萨市,2719,2,850000,active
2721,2721,城关区,西藏自治区/拉萨市/城关区,2720,3,850000,active
2722,2722,堆龙德庆区,西藏自治区/拉萨市/堆龙德庆区,2720,3,851400,active
2723,2723,达孜区,西藏自治区/拉萨市/达孜区,2720,3,850100,active
2724,2724,林周县,西藏自治区/拉萨市/林周县,2720,3,851600,active
2725,2725,当雄县,西藏自治区/拉萨市/当雄县,2720,3,851500,active
2726,2726,尼木县,西藏自治区/拉萨市/尼木县,2720,3,851300,active
2727,2727,曲水县,西藏自治区/拉萨市/曲水县,2720,3,850600,active
2728,2728,墨竹工卡县,西藏自治区/拉萨市/墨竹工卡县,2720,3,850100,active
2729,2729,日喀则市,西藏自治区/日喀则市,2719,2,857000,active
2730,2730,桑珠孜区,西藏自治区/日喀则市/桑珠孜区,2729,3,857000,active
2731,2731,南木林县,西藏自治区/日喀则市/南木林县,2729,3,857100,active
2732,2732,江孜县,西藏自治区/日喀则市/江孜县,2729,3,857400,active
2733,2733,定日县,西藏自治区/日喀则市/定日县,2729,3,858200,active
2734,2734,萨迦县,西藏自治区/日喀则市/萨迦县,2729,3,857800,active
2735,2735,拉孜县,西藏自治区/日喀则市/拉孜县,2729,3,858100,active
2736,2736,昂仁县,西藏自治区/日喀则市/昂仁县,2729,3,858500,active
2737,2737,谢通门县,西藏自治区/日喀则市/谢通门县,2729,3,858900,active
2738,2738,白朗县,西藏自治区/日喀则市/白朗县,2729,3,857300,active
2739,2739,仁布县,西藏自治区/日喀则市/仁布县,2729,3,857200,active
2740,2740,康马县,西藏自治区/日喀则市/康马县,2729,3,857500,active
2741,2741,定结县,西藏自治区/日喀则市/定结县,2729,3,857900,active
2742,2742,仲巴县,西藏自治区/日喀则市/仲巴县,2729,3,858800,active
2743,2743,亚东县,西藏自治区/日喀则市/亚东县,2729,3,857600,active
2744,2744,吉隆县,西藏自治区/日喀则市/吉隆县,2729,3,858700,active
2745,2745,聂拉木县,西藏自治区/日喀则市/聂拉木县,2729,3,858300,active
2746,2746,萨嘎县,西藏自治区/日喀则市/萨嘎县,2729,3,858600,active
2747,2747,岗巴县,西藏自治区/日喀则市/岗巴县,2729,3,857700,active
2748,2748,昌都市,西藏自治区/昌都市,2719,2,854000,active
2749,2749,卡若区,西藏自治区/昌都市/卡若区,2748,3,854000,active
2750,2750,江达县,西藏自治区/昌都市/江达县,2748,3,854100,active
2751,2751,贡觉县,西藏自治区/昌都市/贡觉县,2748,3,854200,active
2752,2752,类乌齐县,西藏自治区/昌都市/类乌齐县,2748,3,855600,active
2753,2753,丁青县,西藏自治区/昌都市/丁青县,2748,3,855700,active
2754,2754,察雅县,西藏自治区/昌都市/察雅县,2748,3,854300,active
2755,2755,八宿县,西藏自治区/昌都市/八宿县,2748,3,854600,active
2756,2756,左贡县,西藏自治区/昌都市/左贡县,2748,3,854400,active
2757,2757,芒康县,西藏自治区/昌都市/芒康县,2748,3,854500,active
2758,2758,洛隆县,西藏自治区/昌都市/洛隆县,2748,3,855400,active
2759,2759,边坝县,西藏自治区/昌都市/边坝县,2748,3,855500,active
2760,2760,林芝市,西藏自治区/林芝市,2719,2,860000,active
2761,2761,巴宜区,西藏自治区/林芝市/巴宜区,2760,3,860100,active
2762,2762,工布江达县,西藏自治区/林芝市/工布江达县,2760,3,860200,active
2763,2763,米林县,西藏自治区/林芝市/米林县,2760,3,860500,active
2764,2764,墨脱县,西藏自治区/林芝市/墨脱县,2760,3,860700,active
2765,2765,波密县,西藏自治区/林芝市/波密县,2760,3,860300,active
2766,2766,察隅县,西藏自治区/林芝市/察隅县,2760,3,860100,active
2767,2767,朗县,西藏自治区/林芝市/朗县,2760,3,860400,active
2768,2768,山南市,西藏自治区/山南市,2719,2,856000,active
2769,2769,乃东区,西藏自治区/山南市/乃东区,2768,3,856000,active
2770,2770,扎囊县,西藏自治区/山南市/扎囊县,2768,3,850800,active
2771,2771,贡嘎县,西藏自治区/山南市/贡嘎县,2768,3,850700,active
2772,2772,桑日县,西藏自治区/山南市/桑日县,2768,3,856200,active
2773,2773,琼结县,西藏自治区/山南市/琼结县,2768,3,856800,active
2774,2774,曲松县,西藏自治区/山南市/曲松县,2768,3,856300,active
2775,2775,措美县,西藏自治区/山南市/措美县,2768,3,856600,active
2776,2776,洛扎县,西藏自治区/山南市/洛扎县,2768,3,851200,active
2777,2777,加查县,西藏自治区/山南市/加查县,2768,3,856400,active
2778,2778,隆子县,西藏自治区/山南市/隆子县,2768,3,856600,active
2779,2779,错那县,西藏自治区/山南市/错那县,2768,3,856700,active
2780,2780,浪卡子县,西藏自治区/山南市/浪卡子县,2768,3,851100,active
2781,2781,那曲市,西藏自治区/那曲市,2719,2,852000,active
2782,2782,色尼区,西藏自治区/那曲市/色尼区,2781,3,852000,active
2783,2783,嘉黎县,西藏自治区/那曲市/嘉黎县,2781,3,852300,active
2784,2784,比如县,西藏自治区/那曲市/比如县,2781,3,852300,active
2785,2785,聂荣县,西藏自治区/那曲市/聂荣县,2781,3,853400,active
2786,2786,安多县,西藏自治区/那曲市/安多县,2781,3,853400,active
2787,2787,申扎县,西藏自治区/那曲市/申扎县,2781,3,853100,active
2788,2788,索县,西藏自治区/那曲市/索县,2781,3,852200,active
2789,2789,班戈县,西藏自治区/那曲市/班戈县,2781,3,853300,active
2790,2790,巴青县,西藏自治区/那曲市/巴青县,2781,3,852100,active
2791,2791,尼玛县,西藏自治区/那曲市/尼玛县,2781,3,853500,active
2792,2792,双湖县,西藏自治区/那曲市/双湖县,2781,3,853300,active
2793,2793,阿里地区,西藏自治区/阿里地区,2719,2,859100,active
2794,2794,普兰县,西藏自治区/阿里地区/普兰县,2793,3,859500,active
2795,2795,札达县,西藏自治区/阿里地区/札达县,2793,3,859600,active
2796,2796,噶尔县,西藏自治区/阿里地区/噶尔县,2793,3,859100,active
2797,2797,日土县,西藏自治区/阿里地区/日土县,2793,3,859700,active
2798,2798,革吉县,西藏自治区/阿里地区/革吉县,2793,3,859100,active
2799,2799,改则县,西藏自治区/阿里地区/改则县,2793,3,859200,active
2800,2800,措勤县,西藏自治区/阿里地区/措勤县,2793,3,859300,active
2801,2801,陕西省,陕西省,NULL,1,710000,active
2802,2802,西安市,陕西省/西安市,2801,2,710000,active
2803,2803,新城区,陕西省/西安市/新城区,2802,3,710004,active
2804,2804,碑林区,陕西省/西安市/碑林区,2802,3,710001,active
2805,2805,莲湖区,陕西省/西安市/莲湖区,2802,3,710003,active
2806,2806,灞桥区,陕西省/西安市/灞桥区,2802,3,710038,active
2807,2807,未央区,陕西省/西安市/未央区,2802,3,710014,active
2808,2808,雁塔区,陕西省/西安市/雁塔区,2802,3,710061,active
2809,2809,阎良区,陕西省/西安市/阎良区,2802,3,710089,active
2810,2810,临潼区,陕西省/西安市/临潼区,2802,3,710600,active
2811,2811,长安区,陕西省/西安市/长安区,2802,3,710100,active
2812,2812,高陵区,陕西省/西安市/高陵区,2802,3,710200,active
2813,2813,鄠邑区,陕西省/西安市/鄠邑区,2802,3,710300,active
2814,2814,蓝田县,陕西省/西安市/蓝田县,2802,3,710500,active
2815,2815,周至县,陕西省/西安市/周至县,2802,3,710400,active
2816,2816,铜川市,陕西省/铜川市,2801,2,727000,active
2817,2817,王益区,陕西省/铜川市/王益区,2816,3,727000,active
2818,2818,印台区,陕西省/铜川市/印台区,2816,3,727007,active
2819,2819,耀州区,陕西省/铜川市/耀州区,2816,3,727100,active
2820,2820,宜君县,陕西省/铜川市/宜君县,2816,3,727200,active
2821,2821,宝鸡市,陕西省/宝鸡市,2801,2,721000,active
2822,2822,渭滨区,陕西省/宝鸡市/渭滨区,2821,3,721000,active
2823,2823,金台区,陕西省/宝鸡市/金台区,2821,3,721001,active
2824,2824,陈仓区,陕西省/宝鸡市/陈仓区,2821,3,721300,active
2825,2825,凤翔区,陕西省/宝鸡市/凤翔区,2821,3,721400,active
2826,2826,岐山县,陕西省/宝鸡市/岐山县,2821,3,722400,active
2827,2827,扶风县,陕西省/宝鸡市/扶风县,2821,3,722200,active
2828,2828,眉县,陕西省/宝鸡市/眉县,2821,3,722300,active
2829,2829,陇县,陕西省/宝鸡市/陇县,2821,3,721200,active
2830,2830,千阳县,陕西省/宝鸡市/千阳县,2821,3,721100,active
2831,2831,麟游县,陕西省/宝鸡市/麟游县,2821,3,721500,active
2832,2832,凤县,陕西省/宝鸡市/凤县,2821,3,721700,active
2833,2833,太白县,陕西省/宝鸡市/太白县,2821,3,721600,active
2834,2834,咸阳市,陕西省/咸阳市,2801,2,712000,active
2835,2835,秦都区,陕西省/咸阳市/秦都区,2834,3,712000,active
2836,2836,杨陵区,陕西省/咸阳市/杨陵区,2834,3,712100,active
2837,2837,渭城区,陕西省/咸阳市/渭城区,2834,3,712000,active
2838,2838,三原县,陕西省/咸阳市/三原县,2834,3,713800,active
2839,2839,泾阳县,陕西省/咸阳市/泾阳县,2834,3,713700,active
2840,2840,乾县,陕西省/咸阳市/乾县,2834,3,713300,active
2841,2841,礼泉县,陕西省/咸阳市/礼泉县,2834,3,713200,active
2842,2842,永寿县,陕西省/咸阳市/永寿县,2834,3,713400,active
2843,2843,长武县,陕西省/咸阳市/长武县,2834,3,713600,active
2844,2844,旬邑县,陕西省/咸阳市/旬邑县,2834,3,711300,active
2845,2845,淳化县,陕西省/咸阳市/淳化县,2834,3,711200,active
2846,2846,武功县,陕西省/咸阳市/武功县,2834,3,712200,active
2847,2847,兴平市,陕西省/咸阳市/兴平市,2834,3,713100,active
2848,2848,彬州市,陕西省/咸阳市/彬州市,2834,3,713500,active
2849,2849,渭南市,陕西省/渭南市,2801,2,714000,active
2850,2850,临渭区,陕西省/渭南市/临渭区,2849,3,714000,active
2851,2851,华州区,陕西省/渭南市/华州区,2849,3,714100,active
2852,2852,潼关县,陕西省/渭南市/潼关县,2849,3,714300,active
2853,2853,大荔县,陕西省/渭南市/大荔县,2849,3,715100,active
2854,2854,合阳县,陕西省/渭南市/合阳县,2849,3,715300,active
2855,2855,澄城县,陕西省/渭南市/澄城县,2849,3,715200,active
2856,2856,蒲城县,陕西省/渭南市/蒲城县,2849,3,715500,active
2857,2857,白水县,陕西省/渭南市/白水县,2849,3,715600,active
2858,2858,富平县,陕西省/渭南市/富平县,2849,3,711700,active
2859,2859,韩城市,陕西省/渭南市/韩城市,2849,3,715400,active
2860,2860,华阴市,陕西省/渭南市/华阴市,2849,3,714200,active
2861,2861,延安市,陕西省/延安市,2801,2,716000,active
2862,2862,宝塔区,陕西省/延安市/宝塔区,2861,3,716000,active
2863,2863,安塞区,陕西省/延安市/安塞区,2861,3,717400,active
2864,2864,延长县,陕西省/延安市/延长县,2861,3,717100,active
2865,2865,延川县,陕西省/延安市/延川县,2861,3,717200,active
2866,2866,子长市,陕西省/延安市/子长市,2861,3,717300,active
2867,2867,安塞县,陕西省/延安市/安塞县,2861,3,717400,active
2868,2868,志丹县,陕西省/延安市/志丹县,2861,3,717500,active
2869,2869,吴起县,陕西省/延安市/吴起县,2861,3,717600,active
2870,2870,甘泉县,陕西省/延安市/甘泉县,2861,3,716100,active
2871,2871,富县,陕西省/延安市/富县,2861,3,727300,active
2872,2872,洛川县,陕西省/延安市/洛川县,2861,3,727300,active
2873,2873,宜川县,陕西省/延安市/宜川县,2861,3,716200,active
2874,2874,黄龙县,陕西省/延安市/黄龙县,2861,3,715700,active
2875,2875,黄陵县,陕西省/延安市/黄陵县,2861,3,727300,active
2876,2876,汉中市,陕西省/汉中市,2801,2,723000,active
2877,2877,汉台区,陕西省/汉中市/汉台区,2876,3,723000,active
2878,2878,南郑区,陕西省/汉中市/南郑区,2876,3,723100,active
2879,2879,城固县,陕西省/汉中市/城固县,2876,3,723200,active
2880,2880,洋县,陕西省/汉中市/洋县,2876,3,723300,active
2881,2881,西乡县,陕西省/汉中市/西乡县,2876,3,723500,active
2882,2882,勉县,陕西省/汉中市/勉县,2876,3,724200,active
2883,2883,宁强县,陕西省/汉中市/宁强县,2876,3,724400,active
2884,2884,略阳县,陕西省/汉中市/略阳县,2876,3,724300,active
2885,2885,镇巴县,陕西省/汉中市/镇巴县,2876,3,723600,active
2886,2886,留坝县,陕西省/汉中市/留坝县,2876,3,724100,active
2887,2887,佛坪县,陕西省/汉中市/佛坪县,2876,3,723400,active
2888,2888,榆林市,陕西省/榆林市,2801,2,719000,active
2889,2889,榆阳区,陕西省/榆林市/榆阳区,2888,3,719000,active
2890,2890,横山区,陕西省/榆林市/横山区,2888,3,719100,active
2891,2891,府谷县,陕西省/榆林市/府谷县,2888,3,719400,active
2892,2892,靖边县,陕西省/榆林市/靖边县,2888,3,718500,active
2893,2893,定边县,陕西省/榆林市/定边县,2888,3,718600,active
2894,2894,绥德县,陕西省/榆林市/绥德县,2888,3,718000,active
2895,2895,米脂县,陕西省/榆林市/米脂县,2888,3,718100,active
2896,2896,佳县,陕西省/榆林市/佳县,2888,3,719200,active
2897,2897,吴堡县,陕西省/榆林市/吴堡县,2888,3,719200,active
2898,2898,清涧县,陕西省/榆林市/清涧县,2888,3,718300,active
2899,2899,子洲县,陕西省/榆林市/子洲县,2888,3,718400,active
2900,2900,神木市,陕西省/榆林市/神木市,2888,3,719300,active
2901,2901,安康市,陕西省/安康市,2801,2,725000,active
2902,2902,汉滨区,陕西省/安康市/汉滨区,2901,3,725000,active
2903,2903,汉阴县,陕西省/安康市/汉阴县,2901,3,725100,active
2904,2904,石泉县,陕西省/安康市/石泉县,2901,3,725200,active
2905,2905,宁陕县,陕西省/安康市/宁陕县,2901,3,711600,active
2906,2906,紫阳县,陕西省/安康市/紫阳县,2901,3,725300,active
2907,2907,岚皋县,陕西省/安康市/岚皋县,2901,3,725400,active
2908,2908,平利县,陕西省/安康市/平利县,2901,3,725500,active
2909,2909,镇坪县,陕西省/安康市/镇坪县,2901,3,725600,active
2910,2910,旬阳县,陕西省/安康市/旬阳县,2901,3,725700,active
2911,2911,白河县,陕西省/安康市/白河县,2901,3,725800,active
2912,2912,商洛市,陕西省/商洛市,2801,2,726000,active
2913,2913,商州区,陕西省/商洛市/商州区,2912,3,726000,active
2914,2914,洛南县,陕西省/商洛市/洛南县,2912,3,726100,active
2915,2915,丹凤县,陕西省/商洛市/丹凤县,2912,3,726200,active
2916,2916,商南县,陕西省/商洛市/商南县,2912,3,726300,active
2917,2917,山阳县,陕西省/商洛市/山阳县,2912,3,726400,active
2918,2918,镇安县,陕西省/商洛市/镇安县,2912,3,711500,active
2919,2919,柞水县,陕西省/商洛市/柞水县,2912,3,711400,active
2920,2920,甘肃省,甘肃省,NULL,1,730000,active
2921,2921,兰州市,甘肃省/兰州市,2920,2,730000,active
2922,2922,城关区,甘肃省/兰州市/城关区,2921,3,730030,active
2923,2923,七里河区,甘肃省/兰州市/七里河区,2921,3,730050,active
2924,2924,西固区,甘肃省/兰州市/西固区,2921,3,730060,active
2925,2925,安宁区,甘肃省/兰州市/安宁区,2921,3,730070,active
2926,2926,红古区,甘肃省/兰州市/红古区,2921,3,730084,active
2927,2927,永登县,甘肃省/兰州市/永登县,2921,3,730300,active
2928,2928,皋兰县,甘肃省/兰州市/皋兰县,2921,3,730200,active
2929,2929,榆中县,甘肃省/兰州市/榆中县,2921,3,730100,active
2930,2930,嘉峪关市,甘肃省/嘉峪关市,2920,2,735100,active
2931,2931,雄关区,甘肃省/嘉峪关市/雄关区,2930,3,735100,active
2932,2932,长城区,甘肃省/嘉峪关市/长城区,2930,3,735100,active
2933,2933,金川区,甘肃省/嘉峪关市/金川区,2930,3,735100,active
2934,2934,金昌市,甘肃省/金昌市,2920,2,737100,active
2935,2935,金川区,甘肃省/金昌市/金川区,2934,3,737100,active
2936,2936,永昌县,甘肃省/金昌市/永昌县,2934,3,737200,active
2937,2937,白银市,甘肃省/白银市,2920,2,730900,active
2938,2938,白银区,甘肃省/白银市/白银区,2937,3,730900,active
2939,2939,平川区,甘肃省/白银市/平川区,2937,3,730900,active
2940,2940,靖远县,甘肃省/白银市/靖远县,2937,3,730600,active
2941,2941,会宁县,甘肃省/白银市/会宁县,2937,3,730700,active
2942,2942,景泰县,甘肃省/白银市/景泰县,2937,3,730400,active
2943,2943,天水市,甘肃省/天水市,2920,2,741000,active
2944,2944,秦州区,甘肃省/天水市/秦州区,2943,3,741000,active
2945,2945,麦积区,甘肃省/天水市/麦积区,2943,3,741020,active
2946,2946,清水县,甘肃省/天水市/清水县,2943,3,741400,active
2947,2947,秦安县,甘肃省/天水市/秦安县,2943,3,741600,active
2948,2948,甘谷县,甘肃省/天水市/甘谷县,2943,3,741200,active
2949,2949,武山县,甘肃省/天水市/武山县,2943,3,741300,active
2950,2950,张家川回族自治县,甘肃省/天水市/张家川回族自治县,2943,3,741500,active
2951,2951,武威市,甘肃省/武威市,2920,2,733000,active
2952,2952,凉州区,甘肃省/武威市/凉州区,2951,3,733000,active
2953,2953,民勤县,甘肃省/武威市/民勤县,2951,3,733300,active
2954,2954,古浪县,甘肃省/武威市/古浪县,2951,3,733100,active
2955,2955,天祝藏族自治县,甘肃省/武威市/天祝藏族自治县,2951,3,733200,active
2956,2956,张掖市,甘肃省/张掖市,2920,2,734000,active
2957,2957,甘州区,甘肃省/张掖市/甘州区,2956,3,734000,active
2958,2958,肃南裕固族自治县,甘肃省/张掖市/肃南裕固族自治县,2956,3,734400,active
2959,2959,民乐县,甘肃省/张掖市/民乐县,2956,3,734500,active
2960,2960,临泽县,甘肃省/张掖市/临泽县,2956,3,734200,active
2961,2961,高台县,甘肃省/张掖市/高台县,2956,3,734300,active
2962,2962,山丹县,甘肃省/张掖市/山丹县,2956,3,734100,active
2963,2963,平凉市,甘肃省/平凉市,2920,2,744000,active
2964,2964,崆峒区,甘肃省/平凉市/崆峒区,2963,3,744000,active
2965,2965,泾川县,甘肃省/平凉市/泾川县,2963,3,744300,active
2966,2966,灵台县,甘肃省/平凉市/灵台县,2963,3,744400,active
2967,2967,崇信县,甘肃省/平凉市/崇信县,2963,3,744200,active
2968,2968,庄浪县,甘肃省/平凉市/庄浪县,2963,3,744600,active
2969,2969,静宁县,甘肃省/平凉市/静宁县,2963,3,743400,active
2970,2970,华亭市,甘肃省/平凉市/华亭市,2963,3,744100,active
2971,2971,酒泉市,甘肃省/酒泉市,2920,2,735000,active
2972,2972,肃州区,甘肃省/酒泉市/肃州区,2971,3,735000,active
2973,2973,金塔县,甘肃省/酒泉市/金塔县,2971,3,735300,active
2974,2974,瓜州县,甘肃省/酒泉市/瓜州县,2971,3,736100,active
2975,2975,肃北蒙古族自治县,甘肃省/酒泉市/肃北蒙古族自治县,2971,3,736300,active
2976,2976,阿克塞哈萨克族自治县,甘肃省/酒泉市/阿克塞哈萨克族自治县,2971,3,736400,active
2977,2977,玉门市,甘肃省/酒泉市/玉门市,2971,3,735200,active
2978,2978,敦煌市,甘肃省/酒泉市/敦煌市,2971,3,736200,active
2979,2979,庆阳市,甘肃省/庆阳市,2920,2,745000,active
2980,2980,西峰区,甘肃省/庆阳市/西峰区,2979,3,745000,active
2981,2981,庆城县,甘肃省/庆阳市/庆城县,2979,3,745100,active
2982,2982,环县,甘肃省/庆阳市/环县,2979,3,745700,active
2983,2983,华池县,甘肃省/庆阳市/华池县,2979,3,745600,active
2984,2984,合水县,甘肃省/庆阳市/合水县,2979,3,745400,active
2985,2985,正宁县,甘肃省/庆阳市/正宁县,2979,3,745300,active
2986,2986,宁县,甘肃省/庆阳市/宁县,2979,3,745200,active
2987,2987,镇原县,甘肃省/庆阳市/镇原县,2979,3,744500,active
2988,2988,定西市,甘肃省/定西市,2920,2,743000,active
2989,2989,安定区,甘肃省/定西市/安定区,2988,3,743000,active
2990,2990,通渭县,甘肃省/定西市/通渭县,2988,3,743300,active
2991,2991,陇西县,甘肃省/定西市/陇西县,2988,3,748100,active
2992,2992,渭源县,甘肃省/定西市/渭源县,2988,3,748200,active
2993,2993,临洮县,甘肃省/定西市/临洮县,2988,3,730500,active
2994,2994,漳县,甘肃省/定西市/漳县,2988,3,748300,active
2995,2995,岷县,甘肃省/定西市/岷县,2988,3,748400,active
2996,2996,陇南市,甘肃省/陇南市,2920,2,746000,active
2997,2997,武都区,甘肃省/陇南市/武都区,2996,3,746000,active
2998,2998,成县,甘肃省/陇南市/成县,2996,3,742500,active
2999,2999,文县,甘肃省/陇南市/文县,2996,3,746400,active
3000,3000,宕昌县,甘肃省/陇南市/宕昌县,2996,3,748500,active
3001,3001,康县,甘肃省/陇南市/康县,2996,3,746500,active
3002,3002,西和县,甘肃省/陇南市/西和县,2996,3,742100,active
3003,3003,礼县,甘肃省/陇南市/礼县,2996,3,742200,active
3004,3004,徽县,甘肃省/陇南市/徽县,2996,3,742300,active
3005,3005,两当县,甘肃省/陇南市/两当县,2996,3,742400,active
3006,3006,临夏回族自治州,甘肃省/临夏回族自治州,2920,2,731100,active
3007,3007,临夏市,甘肃省/临夏回族自治州/临夏市,3006,3,731100,active
3008,3008,临夏县,甘肃省/临夏回族自治州/临夏县,3006,3,731800,active
3009,3009,康乐县,甘肃省/临夏回族自治州/康乐县,3006,3,731500,active
3010,3010,永靖县,甘肃省/临夏回族自治州/永靖县,3006,3,731600,active
3011,3011,广河县,甘肃省/临夏回族自治州/广河县,3006,3,731300,active
3012,3012,和政县,甘肃省/临夏回族自治州/和政县,3006,3,731200,active
3013,3013,东乡族自治县,甘肃省/临夏回族自治州/东乡族自治县,3006,3,731400,active
3014,3014,积石山保安族东乡族撒拉族自治县,甘肃省/临夏回族自治州/积石山保安族东乡族撒拉族自治县,3006,3,731700,active
3015,3015,甘南藏族自治州,甘肃省/甘南藏族自治州,2920,2,747000,active
3016,3016,合作市,甘肃省/甘南藏族自治州/合作市,3015,3,747000,active
3017,3017,临潭县,甘肃省/甘南藏族自治州/临潭县,3015,3,747500,active
3018,3018,卓尼县,甘肃省/甘南藏族自治州/卓尼县,3015,3,747600,active
3019,3019,舟曲县,甘肃省/甘南藏族自治州/舟曲县,3015,3,746300,active
3020,3020,迭部县,甘肃省/甘南藏族自治州/迭部县,3015,3,747400,active
3021,3021,玛曲县,甘肃省/甘南藏族自治州/玛曲县,3015,3,747300,active
3022,3022,碌曲县,甘肃省/甘南藏族自治州/碌曲县,3015,3,747200,active
3023,3023,夏河县,甘肃省/甘南藏族自治州/夏河县,3015,3,747100,active
3024,3024,青海省,青海省,NULL,1,810000,active
3025,3025,西宁市,青海省/西宁市,3024,2,810000,active
3026,3026,城东区,青海省/西宁市/城东区,3025,3,810000,active
3027,3027,城中区,青海省/西宁市/城中区,3025,3,810000,active
3028,3028,城西区,青海省/西宁市/城西区,3025,3,810000,active
3029,3029,城北区,青海省/西宁市/城北区,3025,3,810000,active
3030,3030,湟中区,青海省/西宁市/湟中区,3025,3,811600,active
3031,3031,大通回族土族自治县,青海省/西宁市/大通回族土族自治县,3025,3,810100,active
3032,3032,湟源县,青海省/西宁市/湟源县,3025,3,812100,active
3033,3033,海东市,青海省/海东市,3024,2,810700,active
3034,3034,乐都区,青海省/海东市/乐都区,3033,3,810700,active
3035,3035,平安区,青海省/海东市/平安区,3033,3,810600,active
3036,3036,民和回族土族自治县,青海省/海东市/民和回族土族自治县,3033,3,810800,active
3037,3037,互助土族自治县,青海省/海东市/互助土族自治县,3033,3,810500,active
3038,3038,化隆回族自治县,青海省/海东市/化隆回族自治县,3033,3,810900,active
3039,3039,循化撒拉族自治县,青海省/海东市/循化撒拉族自治县,3033,3,811100,active
3040,3040,海北藏族自治州,青海省/海北藏族自治州,3024,2,812300,active
3041,3041,门源回族自治县,青海省/海北藏族自治州/门源回族自治县,3040,3,810300,active
3042,3042,祁连县,青海省/海北藏族自治州/祁连县,3040,3,810400,active
3043,3043,海晏县,青海省/海北藏族自治州/海晏县,3040,3,812200,active
3044,3044,刚察县,青海省/海北藏族自治州/刚察县,3040,3,812300,active
3045,3045,黄南藏族自治州,青海省/黄南藏族自治州,3024,2,811300,active
3046,3046,同仁市,青海省/黄南藏族自治州/同仁市,3045,3,811300,active
3047,3047,尖扎县,青海省/黄南藏族自治州/尖扎县,3045,3,811200,active
3048,3048,泽库县,青海省/黄南藏族自治州/泽库县,3045,3,811400,active
3049,3049,河南蒙古族自治县,青海省/黄南藏族自治州/河南蒙古族自治县,3045,3,811500,active
3050,3050,海南藏族自治州,青海省/海南藏族自治州,3024,2,813000,active
3051,3051,共和县,青海省/海南藏族自治州/共和县,3050,3,813000,active
3052,3052,同德县,青海省/海南藏族自治州/同德县,3050,3,813200,active
3053,3053,贵德县,青海省/海南藏族自治州/贵德县,3050,3,811700,active
3054,3054,兴海县,青海省/海南藏族自治州/兴海县,3050,3,813300,active
3055,3055,贵南县,青海省/海南藏族自治州/贵南县,3050,3,813100,active
3056,3056,果洛藏族自治州,青海省/果洛藏族自治州,3024,2,814000,active
3057,3057,玛沁县,青海省/果洛藏族自治州/玛沁县,3056,3,814000,active
3058,3058,班玛县,青海省/果洛藏族自治州/班玛县,3056,3,814300,active
3059,3059,甘德县,青海省/果洛藏族自治州/甘德县,3056,3,814100,active
3060,3060,达日县,青海省/果洛藏族自治州/达日县,3056,3,814200,active
3061,3061,久治县,青海省/果洛藏族自治州/久治县,3056,3,624600,active
3062,3062,玛曲县,青海省/果洛藏族自治州/玛曲县,3056,3,747300,active
3063,3063,玉树藏族自治州,青海省/玉树藏族自治州,3024,2,815000,active
3064,3064,玉树市,青海省/玉树藏族自治州/玉树市,3063,3,815000,active
3065,3065,杂多县,青海省/玉树藏族自治州/杂多县,3063,3,815300,active
3066,3066,称多县,青海省/玉树藏族自治州/称多县,3063,3,815100,active
3067,3067,治多县,青海省/玉树藏族自治州/治多县,3063,3,815400,active
3068,3068,囊谦县,青海省/玉树藏族自治州/囊谦县,3063,3,815200,active
3069,3069,曲麻莱县,青海省/玉树藏族自治州/曲麻莱县,3063,3,815500,active
3070,3070,海西蒙古族藏族自治州,青海省/海西蒙古族藏族自治州,3024,2,817000,active
3071,3071,格尔木市,青海省/海西蒙古族藏族自治州/格尔木市,3070,3,816000,active
3072,3072,德令哈市,青海省/海西蒙古族藏族自治州/德令哈市,3070,3,817000,active
3073,3073,茫崖市,青海省/海西蒙古族藏族自治州/茫崖市,3070,3,816500,active
3074,3074,乌兰县,青海省/海西蒙古族藏族自治州/乌兰县,3070,3,817100,active
3075,3075,都兰县,青海省/海西蒙古族藏族自治州/都兰县,3070,3,816100,active
3076,3076,天峻县,青海省/海西蒙古族藏族自治州/天峻县,3070,3,817200,active
3077,3077,大柴旦行政区,青海省/海西蒙古族藏族自治州/大柴旦行政区,3070,3,817300,active
3078,3078,宁夏回族自治区,宁夏回族自治区,NULL,1,750000,active
3079,3079,银川市,宁夏回族自治区/银川市,3078,2,750000,active
3080,3080,兴庆区,宁夏回族自治区/银川市/兴庆区,3079,3,750001,active
3081,3081,西夏区,宁夏回族自治区/银川市/西夏区,3079,3,750021,active
3082,3082,金凤区,宁夏回族自治区/银川市/金凤区,3079,3,750011,active
3083,3083,永宁县,宁夏回族自治区/银川市/永宁县,3079,3,750100,active
3084,3084,贺兰县,宁夏回族自治区/银川市/贺兰县,3079,3,750200,active
3085,3085,灵武市,宁夏回族自治区/银川市/灵武市,3079,3,751400,active
3086,3086,石嘴山市,宁夏回族自治区/石嘴山市,3078,2,753000,active
3087,3087,大武口区,宁夏回族自治区/石嘴山市/大武口区,3086,3,753000,active
3088,3088,惠农区,宁夏回族自治区/石嘴山市/惠农区,3086,3,753200,active
3089,3089,平罗县,宁夏回族自治区/石嘴山市/平罗县,3086,3,753400,active
3090,3090,吴忠市,宁夏回族自治区/吴忠市,3078,2,751100,active
3091,3091,利通区,宁夏回族自治区/吴忠市/利通区,3090,3,751100,active
3092,3092,红寺堡区,宁夏回族自治区/吴忠市/红寺堡区,3090,3,751900,active
3093,3093,盐池县,宁夏回族自治区/吴忠市/盐池县,3090,3,751500,active
3094,3094,同心县,宁夏回族自治区/吴忠市/同心县,3090,3,751300,active
3095,3095,青铜峡市,宁夏回族自治区/吴忠市/青铜峡市,3090,3,751600,active
3096,3096,固原市,宁夏回族自治区/固原市,3078,2,756000,active
3097,3097,原州区,宁夏回族自治区/固原市/原州区,3096,3,756000,active
3098,3098,西吉县,宁夏回族自治区/固原市/西吉县,3096,3,756200,active
3099,3099,隆德县,宁夏回族自治区/固原市/隆德县,3096,3,756300,active
3100,3100,泾源县,宁夏回族自治区/固原市/泾源县,3096,3,756400,active
3101,3101,彭阳县,宁夏回族自治区/固原市/彭阳县,3096,3,756500,active
3102,3102,中卫市,宁夏回族自治区/中卫市,3078,2,755000,active
3103,3103,沙坡头区,宁夏回族自治区/中卫市/沙坡头区,3102,3,755000,active
3104,3104,中宁县,宁夏回族自治区/中卫市/中宁县,3102,3,755100,active
3105,3105,海原县,宁夏回族自治区/中卫市/海原县,3102,3,755200,active
3106,3106,新疆维吾尔自治区,新疆维吾尔自治区,NULL,1,830000,active
3107,3107,乌鲁木齐市,新疆维吾尔自治区/乌鲁木齐市,3106,2,830000,active
3108,3108,天山区,新疆维吾尔自治区/乌鲁木齐市/天山区,3107,3,830000,active
3109,3109,沙依巴克区,新疆维吾尔自治区/乌鲁木齐市/沙依巴克区,3107,3,830000,active
3110,3110,新市区,新疆维吾尔自治区/乌鲁木齐市/新市区,3107,3,830011,active
3111,3111,水磨沟区,新疆维吾尔自治区/乌鲁木齐市/水磨沟区,3107,3,830017,active
3112,3112,头屯河区,新疆维吾尔自治区/乌鲁木齐市/头屯河区,3107,3,830022,active
3113,3113,达坂城区,新疆维吾尔自治区/乌鲁木齐市/达坂城区,3107,3,830039,active
3114,3114,米东区,新疆维吾尔自治区/乌鲁木齐市/米东区,3107,3,831400,active
3115,3115,乌鲁木齐县,新疆维吾尔自治区/乌鲁木齐市/乌鲁木齐县,3107,3,830000,active
3116,3116,克拉玛依市,新疆维吾尔自治区/克拉玛依市,3106,2,834000,active
3117,3117,独山子区,新疆维吾尔自治区/克拉玛依市/独山子区,3116,3,834000,active
3118,3118,克拉玛依区,新疆维吾尔自治区/克拉玛依市/克拉玛依区,3116,3,834000,active
3119,3119,白碱滩区,新疆维吾尔自治区/克拉玛依市/白碱滩区,3116,3,834000,active
3120,3120,乌尔禾区,新疆维吾尔自治区/克拉玛依市/乌尔禾区,3116,3,834000,active
3121,3121,吐鲁番市,新疆维吾尔自治区/吐鲁番市,3106,2,838000,active
3122,3122,高昌区,新疆维吾尔自治区/吐鲁番市/高昌区,3121,3,838000,active
3123,3123,鄯善县,新疆维吾尔自治区/吐鲁番市/鄯善县,3121,3,838200,active
3124,3124,托克逊县,新疆维吾尔自治区/吐鲁番市/托克逊县,3121,3,838100,active
3125,3125,哈密市,新疆维吾尔自治区/哈密市,3106,2,839000,active
3126,3126,伊州区,新疆维吾尔自治区/哈密市/伊州区,3125,3,839000,active
3127,3127,巴里坤哈萨克自治县,新疆维吾尔自治区/哈密市/巴里坤哈萨克自治县,3125,3,839200,active
3128,3128,伊吾县,新疆维吾尔自治区/哈密市/伊吾县,3125,3,839300,active
3129,3129,昌吉回族自治州,新疆维吾尔自治区/昌吉回族自治州,3106,2,831100,active
3130,3130,昌吉市,新疆维吾尔自治区/昌吉回族自治州/昌吉市,3129,3,831100,active
3131,3131,阜康市,新疆维吾尔自治区/昌吉回族自治州/阜康市,3129,3,831500,active
3132,3132,呼图壁县,新疆维吾尔自治区/昌吉回族自治州/呼图壁县,3129,3,831200,active
3133,3133,玛纳斯县,新疆维吾尔自治区/昌吉回族自治州/玛纳斯县,3129,3,832200,active
3134,3134,奇台县,新疆维吾尔自治区/昌吉回族自治州/奇台县,3129,3,831800,active
3135,3135,吉木萨尔县,新疆维吾尔自治区/昌吉回族自治州/吉木萨尔县,3129,3,831700,active
3136,3136,木垒哈萨克自治县,新疆维吾尔自治区/昌吉回族自治州/木垒哈萨克自治县,3129,3,831900,active
3137,3137,博尔塔拉蒙古自治州,新疆维吾尔自治区/博尔塔拉蒙古自治州,3106,2,833400,active
3138,3138,博乐市,新疆维吾尔自治区/博尔塔拉蒙古自治州/博乐市,3137,3,833400,active
3139,3139,阿拉山口市,新疆维吾尔自治区/博尔塔拉蒙古自治州/阿拉山口市,3137,3,833400,active
3140,3140,精河县,新疆维吾尔自治区/博尔塔拉蒙古自治州/精河县,3137,3,833300,active
3141,3141,温泉县,新疆维吾尔自治区/博尔塔拉蒙古自治州/温泉县,3137,3,833500,active
3142,3142,巴音郭楞蒙古自治州,新疆维吾尔自治区/巴音郭楞蒙古自治州,3106,2,841000,active
3143,3143,库尔勒市,新疆维吾尔自治区/巴音郭楞蒙古自治州/库尔勒市,3142,3,841000,active
3144,3144,轮台县,新疆维吾尔自治区/巴音郭楞蒙古自治州/轮台县,3142,3,841600,active
3145,3145,尉犁县,新疆维吾尔自治区/巴音郭楞蒙古自治州/尉犁县,3142,3,841500,active
3146,3146,若羌县,新疆维吾尔自治区/巴音郭楞蒙古自治州/若羌县,3142,3,841800,active
3147,3147,且末县,新疆维吾尔自治区/巴音郭楞蒙古自治州/且末县,3142,3,841900,active
3148,3148,焉耆回族自治县,新疆维吾尔自治区/巴音郭楞蒙古自治州/焉耆回族自治县,3142,3,841100,active
3149,3149,和静县,新疆维吾尔自治区/巴音郭楞蒙古自治州/和静县,3142,3,841300,active
3150,3150,和硕县,新疆维吾尔自治区/巴音郭楞蒙古自治州/和硕县,3142,3,841200,active
3151,3151,博湖县,新疆维吾尔自治区/巴音郭楞蒙古自治州/博湖县,3142,3,841400,active
3152,3152,阿克苏地区,新疆维吾尔自治区/阿克苏地区,3106,2,843000,active
3153,3153,阿克苏市,新疆维吾尔自治区/阿克苏地区/阿克苏市,3152,3,843000,active
3154,3154,温宿县,新疆维吾尔自治区/阿克苏地区/温宿县,3152,3,843100,active
3155,3155,库车市,新疆维吾尔自治区/阿克苏地区/库车市,3152,3,842000,active
3156,3156,沙雅县,新疆维吾尔自治区/阿克苏地区/沙雅县,3152,3,842200,active
3157,3157,新和县,新疆维吾尔自治区/阿克苏地区/新和县,3152,3,842100,active
3158,3158,拜城县,新疆维吾尔自治区/阿克苏地区/拜城县,3152,3,842300,active
3159,3159,乌什县,新疆维吾尔自治区/阿克苏地区/乌什县,3152,3,843400,active
3160,3160,阿瓦提县,新疆维吾尔自治区/阿克苏地区/阿瓦提县,3152,3,843200,active
3161,3161,柯坪县,新疆维吾尔自治区/阿克苏地区/柯坪县,3152,3,843600,active
3162,3162,克孜勒苏柯尔克孜自治州,新疆维吾尔自治区/克孜勒苏柯尔克孜自治州,3106,2,845350,active
3163,3163,阿图什市,新疆维吾尔自治区/克孜勒苏柯尔克孜自治州/阿图什市,3162,3,845350,active
3164,3164,阿克陶县,新疆维吾尔自治区/克孜勒苏柯尔克孜自治州/阿克陶县,3162,3,845550,active
3165,3165,阿合奇县,新疆维吾尔自治区/克孜勒苏柯尔克孜自治州/阿合奇县,3162,3,843550,active
3166,3166,乌恰县,新疆维吾尔自治区/克孜勒苏柯尔克孜自治州/乌恰县,3162,3,845450,active
3167,3167,喀什地区,新疆维吾尔自治区/喀什地区,3106,2,844000,active
3168,3168,喀什市,新疆维吾尔自治区/喀什地区/喀什市,3167,3,844000,active
3169,3169,疏附县,新疆维吾尔自治区/喀什地区/疏附县,3167,3,844100,active
3170,3170,疏勒县,新疆维吾尔自治区/喀什地区/疏勒县,3167,3,844200,active
3171,3171,英吉沙县,新疆维吾尔自治区/喀什地区/英吉沙县,3167,3,844500,active
3172,3172,泽普县,新疆维吾尔自治区/喀什地区/泽普县,3167,3,844800,active
3173,3173,莎车县,新疆维吾尔自治区/喀什地区/莎车县,3167,3,844700,active
3174,3174,叶城县,新疆维吾尔自治区/喀什地区/叶城县,3167,3,844900,active
3175,3175,麦盖提县,新疆维吾尔自治区/喀什地区/麦盖提县,3167,3,844600,active
3176,3176,岳普湖县,新疆维吾尔自治区/喀什地区/岳普湖县,3167,3,844400,active
3177,3177,伽师县,新疆维吾尔自治区/喀什地区/伽师县,3167,3,844300,active
3178,3178,巴楚县,新疆维吾尔自治区/喀什地区/巴楚县,3167,3,843800,active
3179,3179,塔什库尔干塔吉克自治县,新疆维吾尔自治区/喀什地区/塔什库尔干塔吉克自治县,3167,3,845250,active
3180,3180,和田地区,新疆维吾尔自治区/和田地区,3106,2,848000,active
3181,3181,和田市,新疆维吾尔自治区/和田地区/和田市,3180,3,848000,active
3182,3182,和田县,新疆维吾尔自治区/和田地区/和田县,3180,3,848000,active
3183,3183,墨玉县,新疆维吾尔自治区/和田地区/墨玉县,3180,3,848100,active
3184,3184,皮山县,新疆维吾尔自治区/和田地区/皮山县,3180,3,845150,active
3185,3185,洛浦县,新疆维吾尔自治区/和田地区/洛浦县,3180,3,848200,active
3186,3186,策勒县,新疆维吾尔自治区/和田地区/策勒县,3180,3,848300,active
3187,3187,于田县,新疆维吾尔自治区/和田地区/于田县,3180,3,848400,active
3188,3188,民丰县,新疆维吾尔自治区/和田地区/民丰县,3180,3,848500,active
3189,3189,伊犁哈萨克自治州,新疆维吾尔自治区/伊犁哈萨克自治州,3106,2,835000,active
3190,3190,伊宁市,新疆维吾尔自治区/伊犁哈萨克自治州/伊宁市,3189,3,835000,active
3191,3191,奎屯市,新疆维吾尔自治区/伊犁哈萨克自治州/奎屯市,3189,3,833200,active
3192,3192,霍尔果斯市,新疆维吾尔自治区/伊犁哈萨克自治州/霍尔果斯市,3189,3,835221,active
3193,3193,伊宁县,新疆维吾尔自治区/伊犁哈萨克自治州/伊宁县,3189,3,835100,active
3194,3194,察布查尔锡伯自治县,新疆维吾尔自治区/伊犁哈萨克自治州/察布查尔锡伯自治县,3189,3,835300,active
3195,3195,霍城县,新疆维吾尔自治区/伊犁哈萨克自治州/霍城县,3189,3,835200,active
3196,3196,巩留县,新疆维吾尔自治区/伊犁哈萨克自治州/巩留县,3189,3,835400,active
3197,3197,新源县,新疆维吾尔自治区/伊犁哈萨克自治州/新源县,3189,3,835800,active
3198,3198,昭苏县,新疆维吾尔自治区/伊犁哈萨克自治州/昭苏县,3189,3,835600,active
3199,3199,特克斯县,新疆维吾尔自治区/伊犁哈萨克自治州/特克斯县,3189,3,835500,active
3200,3200,尼勒克县,新疆维吾尔自治区/伊犁哈萨克自治州/尼勒克县,3189,3,835700,active
3201,3201,塔城地区,新疆维吾尔自治区/塔城地区,3106,2,834700,active
3202,3202,塔城市,新疆维吾尔自治区/塔城地区/塔城市,3201,3,834700,active
3203,3203,乌苏市,新疆维吾尔自治区/塔城地区/乌苏市,3201,3,833000,active
3204,3204,沙湾市,新疆维吾尔自治区/塔城地区/沙湾市,3201,3,832100,active
3205,3205,额敏县,新疆维吾尔自治区/塔城地区/额敏县,3201,3,834600,active
3206,3206,裕民县,新疆维吾尔自治区/塔城地区/裕民县,3201,3,834800,active
3207,3207,和布克赛尔蒙古自治县,新疆维吾尔自治区/塔城地区/和布克赛尔蒙古自治县,3201,3,834400,active
3208,3208,阿勒泰地区,新疆维吾尔自治区/阿勒泰地区,3106,2,836500,active
3209,3209,阿勒泰市,新疆维吾尔自治区/阿勒泰地区/阿勒泰市,3208,3,836500,active
3210,3210,布尔津县,新疆维吾尔自治区/阿勒泰地区/布尔津县,3208,3,836600,active
3211,3211,富蕴县,新疆维吾尔自治区/阿勒泰地区/富蕴县,3208,3,836100,active
3212,3212,福海县,新疆维吾尔自治区/阿勒泰地区/福海县,3208,3,836400,active
3213,3213,哈巴河县,新疆维吾尔自治区/阿勒泰地区/哈巴河县,3208,3,836700,active
3214,3214,青河县,新疆维吾尔自治区/阿勒泰地区/青河县,3208,3,836200,active
3215,3215,吉木乃县,新疆维吾尔自治区/阿勒泰地区/吉木乃县,3208,3,836800,active
3216,3216,石河子市,新疆维吾尔自治区/石河子市,3106,2,832000,active
3217,3217,阿拉尔市,新疆维吾尔自治区/阿拉尔市,3106,2,843300,active
3218,3218,图木舒克市,新疆维吾尔自治区/图木舒克市,3106,2,844000,active
3219,3219,五家渠市,新疆维吾尔自治区/五家渠市,3106,2,831300,active
3220,3220,北屯市,新疆维吾尔自治区/北屯市,3106,2,836000,active
3221,3221,铁门关市,新疆维吾尔自治区/铁门关市,3106,2,841000,active
3222,3222,双河市,新疆维吾尔自治区/双河市,3106,2,833400,active
3223,3223,可克达拉市,新疆维吾尔自治区/可克达拉市,3106,2,835000,active
3224,3224,昆玉市,新疆维吾尔自治区/昆玉市,3106,2,848100,active
3225,3225,胡杨河市,新疆维吾尔自治区/胡杨河市,3106,2,834000,active
3226,3226,台湾省,台湾省,NULL,1,000000,active
3227,3227,台北市,台湾省/台北市,3226,2,100,active
3228,3228,松山区,台湾省/台北市/松山区,3227,3,110,active
3229,3229,信义区,台湾省/台北市/信义区,3227,3,110,active
3230,3230,大安区,台湾省/台北市/大安区,3227,3,106,active
3231,3231,中山区,台湾省/台北市/中山区,3227,3,104,active
3232,3232,中正区,台湾省/台北市/中正区,3227,3,100,active
3233,3233,大同区,台湾省/台北市/大同区,3227,3,103,active
3234,3234,万华区,台湾省/台北市/万华区,3227,3,108,active
3235,3235,文山区,台湾省/台北市/文山区,3227,3,116,active
3236,3236,南港区,台湾省/台北市/南港区,3227,3,115,active
3237,3237,北投区,台湾省/台北市/北投区,3227,3,112,active
3238,3238,士林区,台湾省/台北市/士林区,3227,3,111,active
3239,3239,新北市,台湾省/新北市,3226,2,220,active
3240,3240,板桥区,台湾省/新北市/板桥区,3239,3,220,active
3241,3241,中和区,台湾省/新北市/中和区,3239,3,235,active
3242,3242,永和区,台湾省/新北市/永和区,3239,3,234,active
3243,3243,土城区,台湾省/新北市/土城区,3239,3,236,active
3244,3244,树林区,台湾省/新北市/树林区,3239,3,238,active
3245,3245,三峡区,台湾省/新北市/三峡区,3239,3,237,active
3246,3246,莺歌区,台湾省/新北市/莺歌区,3239,3,239,active
3247,3247,三重区,台湾省/新北市/三重区,3239,3,241,active
3248,3248,新庄区,台湾省/新北市/新庄区,3239,3,242,active
3249,3249,新店区,台湾省/新北市/新店区,3239,3,231,active
3250,3250,汐止区,台湾省/新北市/汐止区,3239,3,221,active
3251,3251,林口区,台湾省/新北市/林口区,3239,3,244,active
3252,3252,淡水区,台湾省/新北市/淡水区,3239,3,251,active
3253,3253,八里区,台湾省/新北市/八里区,3239,3,249,active
3254,3254,五股区,台湾省/新北市/五股区,3239,3,248,active
3255,3255,泰山区,台湾省/新北市/泰山区,3239,3,243,active
3256,3256,芦洲区,台湾省/新北市/芦洲区,3239,3,247,active
3257,3257,瑞芳区,台湾省/新北市/瑞芳区,3239,3,224,active
3258,3258,三重区,台湾省/新北市/三重区,3239,3,241,active
3259,3259,桃园市,台湾省/桃园市,3226,2,330,active
3260,3260,桃园区,台湾省/桃园市/桃园区,3259,3,330,active
3261,3261,中坜区,台湾省/桃园市/中坜区,3259,3,320,active
3262,3262,平镇区,台湾省/桃园市/平镇区,3259,3,324,active
3263,3263,八德区,台湾省/桃园市/八德区,3259,3,334,active
3264,3264,杨梅区,台湾省/桃园市/杨梅区,3259,3,326,active
3265,3265,芦竹区,台湾省/桃园市/芦竹区,3259,3,338,active
3266,3266,大溪区,台湾省/桃园市/大溪区,3259,3,335,active
3267,3267,龙潭区,台湾省/桃园市/龙潭区,3259,3,325,active
3268,3268,龟山区,台湾省/桃园市/龟山区,3259,3,333,active
3269,3269,大园区,台湾省/桃园市/大园区,3259,3,337,active
3270,3270,观音区,台湾省/桃园市/观音区,3259,3,328,active
3271,3271,新屋区,台湾省/桃园市/新屋区,3259,3,327,active
3272,3272,复兴区,台湾省/桃园市/复兴区,3259,3,336,active
3273,3273,台中市,台湾省/台中市,3226,2,400,active
3274,3274,中区,台湾省/台中市/中区,3273,3,400,active
3275,3275,东区,台湾省/台中市/东区,3273,3,401,active
3276,3276,南区,台湾省/台中市/南区,3273,3,402,active
3277,3277,西区,台湾省/台中市/西区,3273,3,403,active
3278,3278,北区,台湾省/台中市/北区,3273,3,404,active
3279,3279,西屯区,台湾省/台中市/西屯区,3273,3,407,active
3280,3280,南屯区,台湾省/台中市/南屯区,3273,3,408,active
3281,3281,北屯区,台湾省/台中市/北屯区,3273,3,406,active
3282,3282,太平区,台湾省/台中市/太平区,3273,3,411,active
3283,3283,大里区,台湾省/台中市/大里区,3273,3,412,active
3284,3284,雾峰区,台湾省/台中市/雾峰区,3273,3,413,active
3285,3285,乌日区,台湾省/台中市/乌日区,3273,3,414,active
3286,3286,丰原区,台湾省/台中市/丰原区,3273,3,420,active
3287,3287,后里区,台湾省/台中市/后里区,3273,3,421,active
3288,3288,潭子区,台湾省/台中市/潭子区,3273,3,427,active
3289,3289,大雅区,台湾省/台中市/大雅区,3273,3,428,active
3290,3290,神冈区,台湾省/台中市/神冈区,3273,3,429,active
3291,3291,大肚区,台湾省/台中市/大肚区,3273,3,432,active
3292,3292,沙鹿区,台湾省/台中市/沙鹿区,3273,3,433,active
3293,3293,龙井区,台湾省/台中市/龙井区,3273,3,434,active
3294,3294,梧栖区,台湾省/台中市/梧栖区,3273,3,435,active
3295,3295,清水区,台湾省/台中市/清水区,3273,3,436,active
3296,3296,大甲区,台湾省/台中市/大甲区,3273,3,437,active
3297,3297,外埔区,台湾省/台中市/外埔区,3273,3,438,active
3298,3298,大安区,台湾省/台中市/大安区,3273,3,439,active
3299,3299,台南市,台湾省/台南市,3226,2,700,active
3300,3300,东区,台湾省/台南市/东区,3299,3,701,active
3301,3301,南区,台湾省/台南市/南区,3299,3,702,active
3302,3302,北区,台湾省/台南市/北区,3299,3,704,active
3303,3303,安南区,台湾省/台南市/安南区,3299,3,709,active
3304,3304,安平区,台湾省/台南市/安平区,3299,3,708,active
3305,3305,中西区,台湾省/台南市/中西区,3299,3,703,active
3306,3306,永康区,台湾省/台南市/永康区,3299,3,710,active
3307,3307,归仁区,台湾省/台南市/归仁区,3299,3,711,active
3308,3308,新化区,台湾省/台南市/新化区,3299,3,712,active
3309,3309,左镇区,台湾省/台南市/左镇区,3299,3,713,active
3310,3310,玉井区,台湾省/台南市/玉井区,3299,3,714,active
3311,3311,楠西区,台湾省/台南市/楠西区,3299,3,715,active
3312,3312,南化区,台湾省/台南市/南化区,3299,3,716,active
3313,3313,仁德区,台湾省/台南市/仁德区,3299,3,717,active
3314,3314,关庙区,台湾省/台南市/关庙区,3299,3,718,active
3315,3315,龙崎区,台湾省/台南市/龙崎区,3299,3,719,active
3316,3316,官田区,台湾省/台南市/官田区,3299,3,720,active
3317,3317,麻豆区,台湾省/台南市/麻豆区,3299,3,721,active
3318,3318,佳里区,台湾省/台南市/佳里区,3299,3,722,active
3319,3319,西港区,台湾省/台南市/西港区,3299,3,723,active
3320,3320,七股区,台湾省/台南市/七股区,3299,3,724,active
3321,3321,将军区,台湾省/台南市/将军区,3299,3,725,active
3322,3322,学甲区,台湾省/台南市/学甲区,3299,3,726,active
3323,3323,北门区,台湾省/台南市/北门区,3299,3,727,active
3324,3324,新营区,台湾省/台南市/新营区,3299,3,730,active
3325,3325,后壁区,台湾省/台南市/后壁区,3299,3,731,active
3326,3326,白河区,台湾省/台南市/白河区,3299,3,732,active
3327,3327,东山区,台湾省/台南市/东山区,3299,3,733,active
3328,3328,六甲区,台湾省/台南市/六甲区,3299,3,734,active
3329,3329,下营区,台湾省/台南市/下营区,3299,3,735,active
3330,3330,柳营区,台湾省/台南市/柳营区,3299,3,736,active
3331,3331,盐水区,台湾省/台南市/盐水区,3299,3,737,active
3332,3332,善化区,台湾省/台南市/善化区,3299,3,741,active
3333,3333,大内区,台湾省/台南市/大内区,3299,3,742,active
3334,3334,山上区,台湾省/台南市/山上区,3299,3,743,active
3335,3335,新市区,台湾省/台南市/新市区,3299,3,744,active
3336,3336,安定区,台湾省/台南市/安定区,3299,3,745,active
3337,3337,高雄市,台湾省/高雄市,3226,2,800,active
3338,3338,盐埕区,台湾省/高雄市/盐埕区,3337,3,803,active
3339,3339,鼓山区,台湾省/高雄市/鼓山区,3337,3,804,active
3340,3340,左营区,台湾省/高雄市/左营区,3337,3,813,active
3341,3341,楠梓区,台湾省/高雄市/楠梓区,3337,3,811,active
3342,3342,三民区,台湾省/高雄市/三民区,3337,3,807,active
3343,3343,新兴区,台湾省/高雄市/新兴区,3337,3,800,active
3344,3344,前金区,台湾省/高雄市/前金区,3337,3,801,active
3345,3345,苓雅区,台湾省/高雄市/苓雅区,3337,3,802,active
3346,3346,前镇区,台湾省/高雄市/前镇区,3337,3,806,active
3347,3347,旗津区,台湾省/高雄市/旗津区,3337,3,805,active
3348,3348,小港区,台湾省/高雄市/小港区,3337,3,812,active
3349,3349,凤山区,台湾省/高雄市/凤山区,3337,3,830,active
3350,3350,林园区,台湾省/高雄市/林园区,3337,3,832,active
3351,3351,大寮区,台湾省/高雄市/大寮区,3337,3,831,active
3352,3352,大树区,台湾省/高雄市/大树区,3337,3,833,active
3353,3353,大社区,台湾省/高雄市/大社区,3337,3,840,active
3354,3354,仁武区,台湾省/高雄市/仁武区,3337,3,814,active
3355,3355,鸟松区,台湾省/高雄市/鸟松区,3337,3,833,active
3356,3356,冈山区,台湾省/高雄市/冈山区,3337,3,820,active
3357,3357,桥头区,台湾省/高雄市/桥头区,3337,3,825,active
3358,3358,燕巢区,台湾省/高雄市/燕巢区,3337,3,824,active
3359,3359,田寮区,台湾省/高雄市/田寮区,3337,3,823,active
3360,3360,阿莲区,台湾省/高雄市/阿莲区,3337,3,822,active
3361,3361,路竹区,台湾省/高雄市/路竹区,3337,3,821,active
3362,3362,湖内区,台湾省/高雄市/湖内区,3337,3,829,active
3363,3363,茄萣区,台湾省/高雄市/茄萣区,3337,3,852,active
3364,3364,永安区,台湾省/高雄市/永安区,3337,3,828,active
3365,3365,弥陀区,台湾省/高雄市/弥陀区,3337,3,827,active
3366,3366,梓官区,台湾省/高雄市/梓官区,3337,3,826,active
3367,3367,茂林区,台湾省/高雄市/茂林区,3337,3,851,active
3368,3368,桃源区,台湾省/高雄市/桃源区,3337,3,846,active
3369,3369,那玛夏区,台湾省/高雄市/那玛夏区,3337,3,849,active
3370,3370,基隆市,台湾省/基隆市,3226,2,200,active
3371,3371,仁爱区,台湾省/基隆市/仁爱区,3370,3,200,active
3372,3372,信义区,台湾省/基隆市/信义区,3370,3,201,active
3373,3373,中正区,台湾省/基隆市/中正区,3370,3,202,active
3374,3374,中山区,台湾省/基隆市/中山区,3370,3,203,active
3375,3375,安乐区,台湾省/基隆市/安乐区,3370,3,204,active
3376,3376,暖暖区,台湾省/基隆市/暖暖区,3370,3,205,active
3377,3377,七堵区,台湾省/基隆市/七堵区,3370,3,206,active
3378,3378,新竹市,台湾省/新竹市,3226,2,300,active
3379,3379,东区,台湾省/新竹市/东区,3378,3,300,active
3380,3380,北区,台湾省/新竹市/北区,3378,3,300,active
3381,3381,香山区,台湾省/新竹市/香山区,3378,3,300,active
3382,3382,嘉义市,台湾省/嘉义市,3226,2,600,active
3383,3383,东区,台湾省/嘉义市/东区,3382,3,600,active
3384,3384,西区,台湾省/嘉义市/西区,3382,3,600,active
3385,3385,香港特别行政区,香港特别行政区,NULL,1,000000,active
3386,3386,中西区,香港特别行政区/中西区,3385,3,000000,active
3387,3387,东区,香港特别行政区/东区,3385,3,000000,active
3388,3388,南区,香港特别行政区/南区,3385,3,000000,active
3389,3389,湾仔区,香港特别行政区/湾仔区,3385,3,000000,active
3390,3390,九龙城区,香港特别行政区/九龙城区,3385,3,000000,active
3391,3391,观塘区,香港特别行政区/观塘区,3385,3,000000,active
3392,3392,深水埗区,香港特别行政区/深水埗区,3385,3,000000,active
3393,3393,黄大仙区,香港特别行政区/黄大仙区,3385,3,000000,active
3394,3394,油尖旺区,香港特别行政区/油尖旺区,3385,3,000000,active
3395,3395,北区,香港特别行政区/北区,3385,3,000000,active
3396,3396,大埔区,香港特别行政区/大埔区,3385,3,000000,active
3397,3397,沙田区,香港特别行政区/沙田区,3385,3,000000,active
3398,3398,西贡区,香港特别行政区/西贡区,3385,3,000000,active
3399,3399,荃湾区,香港特别行政区/荃湾区,3385,3,000000,active
3400,3400,屯门区,香港特别行政区/屯门区,3385,3,000000,active
3401,3401,元朗区,香港特别行政区/元朗区,3385,3,000000,active
3402,3402,葵青区,香港特别行政区/葵青区,3385,3,000000,active
3403,3403,离岛区,香港特别行政区/离岛区,3385,3,000000,active
3404,3404,澳门特别行政区,澳门特别行政区,NULL,1,000000,active
3405,3405,花地玛堂区,澳门特别行政区/花地玛堂区,3404,3,000000,active
3406,3406,圣安多尼堂区,澳门特别行政区/圣安多尼堂区,3404,3,000000,active
3407,3407,望德堂区,澳门特别行政区/望德堂区,3404,3,000000,active
3408,3408,大堂区,澳门特别行政区/大堂区,3404,3,000000,active
3409,3409,风顺堂区,澳门特别行政区/风顺堂区,3404,3,000000,active
3410,3410,嘉模堂区,澳门特别行政区/嘉模堂区,3404,3,000000,active
3411,3411,圣方济各堂区,澳门特别行政区/圣方济各堂区,3404,3,000000,active
